-- phpMyAdmin SQL Dump
-- version 5.2.2
-- https://www.phpmyadmin.net/
--
-- Host: db:3306
-- Creato il: Giu 17, 2025 alle 09:08
-- Versione del server: 8.0.42
-- Versione PHP: 8.2.27

SET SQL_MODE = "NO_AUTO_VALUE_ON_ZERO";
START TRANSACTION;
SET time_zone = "+00:00";


/*!40101 SET @OLD_CHARACTER_SET_CLIENT=@@CHARACTER_SET_CLIENT */;
/*!40101 SET @OLD_CHARACTER_SET_RESULTS=@@CHARACTER_SET_RESULTS */;
/*!40101 SET @OLD_COLLATION_CONNECTION=@@COLLATION_CONNECTION */;
/*!40101 SET NAMES utf8mb4 */;

--
-- Database: `palestra-angular`
--

-- --------------------------------------------------------

--
-- Struttura della tabella `Abbonamenti`
--

CREATE TABLE `Abbonamenti` (
  `id` int NOT NULL,
  `id_utente` int NOT NULL,
  `id_corso` int NOT NULL,
  `data_inizio` date NOT NULL,
  `durata_mesi` int NOT NULL,
  `data_fine` date GENERATED ALWAYS AS ((`data_inizio` + interval `durata_mesi` month)) STORED
) ENGINE=InnoDB DEFAULT CHARSET=utf8mb4 COLLATE=utf8mb4_0900_ai_ci;

--
-- Dump dei dati per la tabella `Abbonamenti`
--

INSERT INTO `Abbonamenti` (`id`, `id_utente`, `id_corso`, `data_inizio`, `durata_mesi`) VALUES
(1, 1, 3, '2024-08-25', 12),
(2, 2, 1, '2024-06-22', 1),
(9, 5, 2, '2024-09-27', 12),
(10, 6, 3, '2024-10-23', 1),
(11, 6, 4, '2024-11-14', 12),
(13, 8, 2, '2025-05-19', 6),
(14, 8, 1, '2025-04-15', 12),
(20, 14, 3, '2024-10-19', 6),
(22, 15, 1, '2024-06-25', 6),
(25, 17, 1, '2024-07-11', 1),
(26, 18, 2, '2024-09-02', 1),
(29, 19, 1, '2025-04-27', 6),
(33, 21, 4, '2024-10-29', 12),
(34, 22, 3, '2024-07-18', 1),
(35, 22, 2, '2025-02-11', 6),
(36, 23, 2, '2024-06-21', 12),
(37, 24, 1, '2025-04-28', 1),
(39, 25, 1, '2025-05-12', 12),
(40, 25, 3, '2024-10-25', 12),
(42, 27, 1, '2024-11-21', 6),
(47, 30, 3, '2024-08-06', 1),
(48, 31, 3, '2024-09-23', 6),
(50, 32, 1, '2024-10-13', 6),
(51, 33, 4, '2024-11-06', 6),
(52, 33, 2, '2024-08-25', 1),
(54, 35, 4, '2024-08-15', 1),
(57, 37, 3, '2024-06-27', 1),
(58, 38, 1, '2024-08-30', 1),
(59, 39, 4, '2025-05-03', 6),
(60, 40, 1, '2024-06-26', 1),
(61, 40, 4, '2025-01-07', 1),
(62, 41, 4, '2025-05-15', 6),
(64, 42, 3, '2025-05-15', 1),
(67, 43, 4, '2024-06-16', 1),
(69, 45, 4, '2025-04-02', 12),
(70, 46, 4, '2024-08-02', 1),
(71, 47, 1, '2024-11-07', 12),
(73, 49, 4, '2024-08-28', 1),
(74, 50, 3, '2024-09-16', 1),
(75, 51, 3, '2024-09-22', 6),
(76, 51, 1, '2025-05-13', 6),
(77, 52, 3, '2024-12-17', 1),
(79, 53, 1, '2024-07-10', 1),
(85, 58, 3, '2024-08-17', 6),
(86, 59, 1, '2025-05-05', 12),
(89, 60, 4, '2024-12-20', 1),
(90, 61, 2, '2025-04-09', 6),
(93, 64, 4, '2024-07-11', 1),
(97, 67, 2, '2024-09-09', 6),
(98, 67, 1, '2024-08-07', 1),
(102, 70, 4, '2024-10-06', 1),
(103, 71, 4, '2024-12-13', 1),
(107, 73, 3, '2025-05-05', 6),
(108, 74, 2, '2024-11-29', 6),
(110, 75, 4, '2024-11-05', 12),
(111, 76, 4, '2024-11-25', 1),
(118, 80, 4, '2024-10-22', 6),
(121, 82, 3, '2025-04-17', 1),
(123, 83, 4, '2025-02-18', 1),
(124, 83, 1, '2024-12-24', 1),
(127, 85, 4, '2025-01-21', 6),
(128, 85, 3, '2024-07-11', 1),
(129, 86, 4, '2024-09-27', 12),
(132, 88, 4, '2025-02-21', 12),
(136, 92, 2, '2025-01-04', 6),
(138, 93, 1, '2025-01-27', 12),
(139, 93, 3, '2025-06-02', 1),
(140, 94, 1, '2025-03-13', 12),
(142, 95, 1, '2024-09-10', 6),
(143, 96, 4, '2024-10-05', 1),
(146, 98, 1, '2025-03-04', 6),
(150, 100, 3, '2024-08-27', 6),
(151, 101, 4, '2024-08-17', 1),
(157, 106, 2, '2025-02-10', 12),
(158, 106, 4, '2024-07-18', 6),
(161, 108, 1, '2025-04-24', 1),
(165, 111, 2, '2024-12-18', 6),
(167, 113, 1, '2025-06-05', 1),
(174, 118, 2, '2025-01-08', 6),
(177, 121, 4, '2025-03-19', 6),
(179, 122, 4, '2025-02-01', 12),
(180, 123, 2, '2024-08-11', 6),
(184, 127, 3, '2024-10-25', 12),
(191, 131, 3, '2024-09-27', 1),
(196, 133, 1, '2024-11-24', 6),
(197, 134, 1, '2024-09-06', 1),
(198, 134, 3, '2024-11-07', 6),
(201, 136, 4, '2024-09-15', 6),
(202, 136, 2, '2024-09-03', 1),
(204, 137, 3, '2025-05-30', 6),
(208, 140, 1, '2025-03-12', 6),
(212, 144, 3, '2024-09-14', 1),
(216, 146, 1, '2024-12-21', 6),
(217, 147, 4, '2024-08-11', 1),
(218, 147, 2, '2024-07-27', 6),
(225, 151, 2, '2025-03-23', 6),
(227, 153, 4, '2025-02-25', 12),
(236, 158, 1, '2024-11-20', 6),
(238, 160, 4, '2025-03-30', 12),
(240, 161, 1, '2024-12-29', 6),
(243, 163, 2, '2025-03-16', 6),
(248, 167, 1, '2024-07-17', 1),
(252, 169, 1, '2024-11-08', 12),
(255, 171, 3, '2025-01-03', 12),
(257, 173, 2, '2024-08-23', 1),
(261, 175, 4, '2024-11-29', 6),
(264, 176, 1, '2024-11-09', 6),
(265, 177, 3, '2025-03-31', 12),
(274, 184, 4, '2024-12-28', 12),
(276, 185, 4, '2024-12-29', 6),
(280, 187, 1, '2024-08-24', 12),
(285, 190, 1, '2025-05-21', 12),
(287, 191, 2, '2025-03-24', 12),
(291, 194, 4, '2025-06-03', 12),
(297, 198, 2, '2024-09-21', 12),
(312, 208, 2, '2024-09-05', 1),
(315, 209, 1, '2025-03-31', 12),
(324, 215, 1, '2025-04-08', 6),
(329, 218, 2, '2024-06-21', 6),
(331, 219, 4, '2025-05-13', 12),
(332, 220, 1, '2025-06-03', 1),
(334, 221, 1, '2024-08-28', 1),
(337, 223, 2, '2024-10-12', 1),
(341, 226, 4, '2024-12-31', 1),
(343, 227, 2, '2025-02-05', 12),
(348, 230, 4, '2025-05-01', 6),
(351, 233, 2, '2025-02-21', 6),
(359, 238, 1, '2024-08-09', 12),
(361, 239, 3, '2025-06-09', 12),
(380, 252, 4, '2025-04-01', 12),
(382, 254, 2, '2025-01-03', 1),
(383, 254, 4, '2024-11-23', 12),
(384, 255, 3, '2025-01-19', 12),
(389, 260, 1, '2024-12-03', 6),
(393, 263, 4, '2025-01-25', 12),
(394, 264, 1, '2024-08-25', 1),
(396, 265, 2, '2025-03-05', 12),
(401, 268, 1, '2025-04-20', 12),
(402, 269, 3, '2025-02-01', 12),
(405, 270, 3, '2024-07-07', 6),
(413, 275, 1, '2024-12-15', 6),
(417, 278, 1, '2024-08-01', 1),
(419, 279, 3, '2024-10-27', 1),
(420, 280, 3, '2025-02-25', 1),
(423, 281, 2, '2024-07-27', 12),
(424, 282, 1, '2024-10-18', 6),
(425, 282, 4, '2025-03-11', 6),
(426, 283, 2, '2024-06-16', 1),
(433, 287, 1, '2024-09-24', 12),
(435, 288, 2, '2024-10-10', 1),
(447, 296, 1, '2024-11-18', 6),
(454, 300, 3, '2024-07-31', 12);

-- --------------------------------------------------------

--
-- Struttura della tabella `Corsi`
--

CREATE TABLE `Corsi` (
  `id` int NOT NULL,
  `nome_corso` varchar(50) NOT NULL,
  `descrizione` text,
  `durata_mesi_default` int DEFAULT NULL
) ENGINE=InnoDB DEFAULT CHARSET=utf8mb4 COLLATE=utf8mb4_0900_ai_ci;

--
-- Dump dei dati per la tabella `Corsi`
--

INSERT INTO `Corsi` (`id`, `nome_corso`, `descrizione`, `durata_mesi_default`) VALUES
(1, 'Arti marziali', 'Corso base - durata 1 mese', 1),
(2, 'MMA', 'Mixed Martial Arts - durata 1 mese', 1),
(3, 'Sala pesi', 'Allenamento pesi - durata 1 mese', 1),
(4, 'Cross-training', 'Funzionale - durata 1 mese', 1),
(5, 'Arti Marziali', 'Corso base - durata 6 mesi', 6),
(6, 'MMA', 'Mixed Martial Arts - durata 6 mesi', 6),
(7, 'Sala Pesi', 'Allenamento Pesi - durata 6 mesi', 6),
(8, 'Cross-training', 'Funzionale - durata 6 mesi', 6),
(9, 'Arti Marziali', 'Corso base - durata 12 mesi', 12),
(10, 'MMA', 'Mixed Martial Arts - durata 12 mesi', 12),
(11, 'Sala Pesi', 'Allenamento Pesi - durata 12 mesi', 12),
(12, 'Cross-training', 'Funzionale - durata 12 mesi', 12);

-- --------------------------------------------------------

--
-- Struttura della tabella `Ingressi`
--

CREATE TABLE `Ingressi` (
  `id` int NOT NULL,
  `id_utente` int NOT NULL,
  `data_ora` datetime NOT NULL DEFAULT CURRENT_TIMESTAMP
) ENGINE=InnoDB DEFAULT CHARSET=utf8mb4 COLLATE=utf8mb4_0900_ai_ci;

--
-- Dump dei dati per la tabella `Ingressi`
--

 INSERT INTO `Ingressi` (`id`, `id_utente`, `data_ora`) VALUES
(1, 1, '2025-01-08 23:05:39'),
(2, 1, '2025-02-07 11:56:51'),
(3, 1, '2025-04-05 23:49:51'),
(4, 1, '2025-03-12 10:35:21'),
(5, 1, '2025-05-14 01:46:00'),
(6, 1, '2024-12-28 01:13:00'),
(7, 1, '2025-02-16 04:53:10'),
(8, 2, '2025-01-14 12:25:36'),
(9, 2, '2025-02-26 12:44:27'),
(10, 2, '2025-05-31 03:28:38'),
(11, 2, '2025-01-20 19:01:10'),
(12, 2, '2025-06-07 15:59:38'),
(13, 2, '2025-06-02 08:40:20'),
(14, 2, '2025-01-23 04:03:50'),
(15, 2, '2025-01-25 02:12:28'),
(16, 2, '2025-03-07 00:58:20'),
(17, 2, '2025-05-27 06:25:03'),
(18, 3, '2025-02-22 10:28:08'),
(19, 3, '2025-04-20 18:48:56'),
(20, 4, '2025-01-25 11:28:04'),
(21, 5, '2025-01-06 09:37:25'),
(22, 5, '2025-01-10 19:05:53'),
(23, 6, '2025-02-14 00:32:39'),
(24, 6, '2025-03-16 15:02:59'),
(25, 6, '2025-05-04 05:11:42'),
(26, 6, '2025-02-06 12:33:21'),
(27, 6, '2025-02-24 04:44:15'),
(28, 6, '2025-02-12 18:42:27'),
(29, 6, '2025-04-04 23:17:44'),
(30, 6, '2024-12-19 09:23:23'),
(31, 6, '2025-02-03 16:25:03'),
(32, 6, '2025-04-08 16:10:33'),
(33, 6, '2024-12-24 05:01:09'),
(34, 6, '2025-02-05 12:06:39'),
(35, 6, '2025-02-14 09:30:09'),
(36, 6, '2025-04-26 19:15:20'),
(37, 7, '2025-06-02 09:55:00'),
(38, 8, '2025-01-15 01:58:23'),
(39, 8, '2025-06-06 17:12:12'),
(40, 8, '2025-02-05 22:30:15'),
(41, 8, '2025-02-05 15:39:42'),
(42, 8, '2025-05-19 00:46:45'),
(43, 8, '2025-02-25 07:14:04'),
(44, 9, '2025-05-12 13:47:51'),
(45, 9, '2025-02-19 17:14:10'),
(46, 9, '2025-04-08 20:43:09'),
(47, 9, '2025-03-25 13:32:55'),
(48, 9, '2025-05-20 03:37:44'),
(49, 9, '2025-06-13 23:58:56'),
(50, 9, '2025-06-14 12:04:35'),
(51, 9, '2025-03-11 07:26:02'),
(52, 10, '2025-02-14 22:50:54'),
(53, 10, '2025-06-01 03:10:55'),
(54, 10, '2025-03-15 12:38:53'),
(55, 10, '2025-04-01 04:10:56'),
(56, 10, '2025-06-02 05:31:12'),
(57, 10, '2025-01-09 13:31:00'),
(58, 10, '2025-05-30 02:14:45'),
(59, 10, '2025-05-26 05:10:02'),
(60, 10, '2025-06-01 14:26:28'),
(61, 10, '2025-06-14 08:26:59'),
(62, 10, '2025-05-13 11:46:16'),
(63, 10, '2025-05-16 11:57:59'),
(64, 10, '2025-03-11 08:40:05'),
(65, 10, '2025-04-12 22:42:07'),
(66, 10, '2025-02-23 07:20:10'),
(67, 10, '2025-02-11 13:18:23'),
(68, 10, '2025-03-10 13:51:39'),
(69, 11, '2025-05-14 07:18:24'),
(70, 11, '2025-05-27 10:15:10'),
(71, 11, '2025-01-11 01:31:20'),
(72, 11, '2025-02-17 23:49:22'),
(73, 11, '2025-04-08 10:01:12'),
(74, 11, '2024-12-22 04:55:27'),
(75, 11, '2025-01-23 02:46:22'),
(76, 11, '2025-01-06 07:23:49'),
(77, 11, '2025-01-15 20:21:59'),
(78, 11, '2025-02-22 22:14:48'),
(79, 11, '2025-05-17 02:36:46'),
(80, 12, '2025-05-26 21:58:08'),
(81, 12, '2025-02-07 00:48:26'),
(82, 12, '2025-06-07 10:39:53'),
(83, 12, '2025-04-25 15:46:16'),
(84, 12, '2025-02-22 10:18:16'),
(85, 12, '2025-02-09 21:32:55'),
(86, 12, '2025-04-02 18:45:22'),
(87, 12, '2025-03-23 22:01:26'),
(88, 12, '2025-02-11 09:19:58'),
(89, 12, '2025-02-04 03:05:26'),
(90, 13, '2025-01-29 07:23:21'),
(91, 13, '2025-01-24 16:30:51'),
(92, 13, '2024-12-23 02:36:13'),
(93, 13, '2025-03-04 05:47:38'),
(94, 13, '2025-01-15 10:48:24'),
(95, 13, '2025-02-22 07:56:53'),
(96, 13, '2025-03-04 04:25:49'),
(97, 13, '2025-01-24 11:38:48'),
(98, 13, '2025-02-11 04:22:56'),
(99, 13, '2025-01-14 11:04:00'),
(100, 13, '2025-06-05 23:10:38'),
(101, 13, '2025-02-18 07:59:02'),
(102, 13, '2025-03-05 04:34:02'),
(103, 14, '2025-04-23 11:37:56'),
(104, 14, '2025-05-27 23:49:21'),
(105, 14, '2025-01-29 03:32:26'),
(106, 14, '2024-12-29 08:01:21'),
(107, 14, '2025-04-24 14:00:39'),
(108, 14, '2025-01-10 10:23:09'),
(109, 14, '2025-05-05 15:50:42'),
(110, 14, '2025-04-09 07:52:10'),
(111, 14, '2025-03-24 10:41:45'),
(112, 14, '2025-03-15 08:02:18'),
(113, 14, '2025-02-14 20:28:54'),
(114, 14, '2025-06-07 05:05:44'),
(115, 14, '2025-06-07 19:23:45'),
(116, 14, '2025-01-21 11:14:24'),
(117, 15, '2025-05-19 11:32:30'),
(118, 15, '2025-05-23 12:38:41'),
(119, 15, '2025-02-24 02:23:17'),
(120, 15, '2025-04-16 12:40:27'),
(121, 15, '2025-06-02 08:43:22'),
(122, 15, '2025-04-29 14:57:18'),
(123, 15, '2025-02-16 18:34:30'),
(124, 15, '2025-03-11 13:41:01'),
(125, 15, '2025-05-12 23:58:26'),
(126, 16, '2025-02-28 14:47:02'),
(127, 16, '2025-04-14 02:32:32'),
(128, 16, '2025-02-06 08:21:29'),
(129, 16, '2025-01-22 09:11:16'),
(130, 16, '2025-05-29 16:17:58'),
(131, 16, '2025-05-13 13:11:37'),
(132, 16, '2025-04-24 07:41:14'),
(133, 16, '2025-01-28 05:47:04'),
(134, 16, '2024-12-27 23:55:56'),
(135, 16, '2025-06-15 19:27:14'),
(136, 16, '2025-03-09 17:35:11'),
(137, 16, '2025-05-22 09:28:19'),
(138, 16, '2025-02-06 00:29:30'),
(139, 16, '2025-04-03 17:51:36'),
(140, 16, '2024-12-23 08:31:36'),
(141, 16, '2025-03-19 01:30:08'),
(142, 16, '2025-06-12 23:04:22'),
(143, 16, '2025-03-20 01:34:10'),
(144, 17, '2025-04-09 21:59:05'),
(145, 17, '2025-05-07 12:13:03'),
(146, 17, '2025-05-27 09:24:02'),
(147, 18, '2025-02-20 17:54:42'),
(148, 18, '2025-01-23 13:19:06'),
(149, 18, '2025-03-13 10:10:45'),
(150, 18, '2025-04-29 10:16:23'),
(151, 19, '2025-03-13 08:12:21'),
(152, 19, '2025-01-05 17:34:25'),
(153, 19, '2025-01-30 05:07:15'),
(154, 19, '2025-02-27 23:06:18'),
(155, 19, '2025-01-29 19:14:17'),
(156, 19, '2025-02-09 07:23:44'),
(157, 19, '2024-12-20 18:47:56'),
(158, 19, '2025-05-04 23:29:46'),
(159, 19, '2025-01-15 14:30:10'),
(160, 19, '2024-12-22 02:16:48'),
(161, 19, '2025-05-16 22:25:04'),
(162, 19, '2025-04-30 14:42:23'),
(163, 19, '2025-01-03 03:28:04'),
(164, 19, '2025-03-08 12:03:04'),
(165, 19, '2025-03-05 22:15:22'),
(166, 19, '2025-01-17 18:58:14'),
(167, 19, '2025-01-15 04:57:05'),
(168, 19, '2025-02-17 15:22:35'),
(169, 20, '2025-01-01 15:03:42'),
(170, 20, '2025-04-25 12:21:19'),
(171, 20, '2025-01-12 15:47:51'),
(172, 20, '2025-01-07 16:14:00'),
(173, 20, '2025-05-01 21:32:34'),
(174, 20, '2025-01-13 14:45:18'),
(175, 20, '2025-06-15 13:05:53'),
(176, 20, '2025-04-02 01:11:25'),
(177, 20, '2024-12-21 10:48:56'),
(178, 20, '2025-03-21 11:59:08'),
(179, 20, '2025-04-26 03:20:39'),
(180, 20, '2025-03-03 12:21:24'),
(181, 20, '2024-12-29 03:33:06'),
(182, 21, '2025-02-12 17:23:30'),
(183, 21, '2025-05-01 15:05:30'),
(184, 21, '2025-03-02 04:19:56'),
(185, 21, '2025-02-24 18:41:37'),
(186, 21, '2025-04-04 01:13:04'),
(187, 21, '2025-01-14 07:32:34'),
(188, 21, '2025-05-21 17:15:47'),
(189, 21, '2025-03-23 19:21:56'),
(190, 21, '2025-04-09 22:14:28'),
(191, 21, '2025-02-18 23:39:15'),
(192, 21, '2025-01-28 16:42:18'),
(193, 22, '2025-01-25 07:01:17'),
(194, 22, '2025-04-09 06:58:58'),
(195, 22, '2025-04-28 16:12:22'),
(196, 22, '2025-02-09 09:56:33'),
(197, 22, '2025-01-07 13:35:24'),
(198, 22, '2025-03-25 17:14:55'),
(199, 22, '2025-02-09 19:58:54'),
(200, 22, '2025-04-04 13:19:51'),
(201, 22, '2025-03-15 01:36:57'),
(202, 22, '2025-05-01 17:45:16'),
(203, 22, '2025-03-05 09:05:17'),
(204, 22, '2025-01-28 06:43:28'),
(205, 22, '2025-02-08 20:19:08'),
(206, 23, '2025-06-13 19:56:19'),
(207, 23, '2025-02-13 02:50:16'),
(208, 23, '2025-05-24 13:28:40'),
(209, 23, '2025-03-03 03:37:52'),
(210, 23, '2025-05-28 09:51:52'),
(211, 23, '2025-02-23 01:48:55'),
(212, 23, '2025-02-05 19:50:59'),
(213, 23, '2025-02-11 23:18:40'),
(214, 23, '2025-06-03 00:31:27'),
(215, 23, '2024-12-28 16:46:45'),
(216, 23, '2025-04-14 06:05:51'),
(217, 23, '2025-05-01 18:18:32'),
(218, 23, '2025-06-04 00:30:15'),
(219, 23, '2025-03-17 05:30:24'),
(220, 23, '2025-05-12 19:57:29'),
(221, 23, '2025-06-10 00:59:32'),
(222, 24, '2025-03-13 17:38:23'),
(223, 24, '2025-01-28 03:48:04'),
(224, 24, '2025-03-29 07:28:42'),
(225, 24, '2025-02-10 16:10:32'),
(226, 24, '2025-04-24 20:23:46'),
(227, 24, '2025-02-13 04:56:17'),
(228, 25, '2025-01-23 08:21:00'),
(229, 25, '2025-05-05 17:18:34'),
(230, 25, '2025-02-09 23:53:45'),
(231, 25, '2025-02-08 14:39:12'),
(232, 25, '2025-03-21 04:37:07'),
(233, 25, '2025-02-05 12:27:34'),
(234, 25, '2025-01-15 20:02:41'),
(235, 26, '2025-03-24 05:42:17'),
(236, 26, '2025-05-12 16:15:34'),
(237, 26, '2025-03-13 03:05:32'),
(238, 26, '2025-04-07 00:15:03'),
(239, 26, '2025-05-02 21:49:56'),
(240, 26, '2025-04-14 10:03:47'),
(241, 26, '2025-01-29 04:27:22'),
(242, 26, '2025-05-06 23:50:01'),
(243, 26, '2024-12-27 08:45:44'),
(244, 26, '2025-04-24 18:35:06'),
(245, 26, '2025-01-18 14:33:22'),
(246, 26, '2025-04-24 23:34:26'),
(247, 26, '2025-01-17 22:55:32'),
(248, 26, '2025-02-25 06:31:30'),
(249, 26, '2025-02-01 06:22:09'),
(250, 27, '2025-03-24 20:03:17'),
(251, 27, '2025-04-16 17:54:05'),
(252, 27, '2025-03-11 18:46:34'),
(253, 27, '2025-02-05 08:10:43'),
(254, 27, '2024-12-21 07:00:12'),
(255, 27, '2025-06-14 00:09:41'),
(256, 28, '2025-04-02 08:33:36'),
(257, 28, '2025-02-05 19:41:21'),
(258, 28, '2025-02-03 03:44:02'),
(259, 28, '2025-01-21 21:03:21'),
(260, 28, '2025-03-13 01:52:51'),
(261, 28, '2025-04-19 22:42:26'),
(262, 28, '2025-01-25 07:46:19'),
(263, 30, '2025-04-06 13:01:57'),
(264, 30, '2025-04-01 12:42:27'),
(265, 30, '2025-01-09 04:16:42'),
(266, 30, '2024-12-30 04:17:37'),
(267, 30, '2025-04-25 13:52:55'),
(268, 30, '2025-03-02 20:50:41'),
(269, 30, '2025-01-04 18:08:45'),
(270, 30, '2025-03-15 07:33:37'),
(271, 30, '2025-01-27 19:32:34'),
(272, 30, '2025-02-24 12:21:18'),
(273, 30, '2025-06-11 05:55:50'),
(274, 30, '2025-04-03 13:01:28'),
(275, 30, '2025-04-09 11:59:50'),
(276, 30, '2025-02-23 20:19:49'),
(277, 31, '2025-03-15 20:06:37'),
(278, 31, '2025-04-18 07:44:46'),
(279, 31, '2025-01-27 00:07:39'),
(280, 31, '2025-06-05 02:16:57'),
(281, 31, '2025-03-05 03:05:39'),
(282, 31, '2025-03-30 20:07:16'),
(283, 31, '2025-02-05 19:39:08'),
(284, 31, '2024-12-29 02:36:45'),
(285, 31, '2025-04-15 19:32:20'),
(286, 31, '2025-02-25 01:00:50'),
(287, 31, '2025-04-10 19:50:07'),
(288, 31, '2025-05-01 23:52:29'),
(289, 31, '2025-03-03 18:53:38'),
(290, 31, '2025-05-27 16:30:03'),
(291, 31, '2025-03-03 13:42:37'),
(292, 32, '2025-06-05 10:35:14'),
(293, 33, '2025-02-24 14:34:35'),
(294, 34, '2025-03-26 23:08:13'),
(295, 34, '2024-12-21 22:13:58'),
(296, 34, '2025-04-03 17:49:30'),
(297, 34, '2025-02-17 16:34:00'),
(298, 34, '2025-03-24 16:22:10'),
(299, 34, '2025-03-27 01:34:02'),
(300, 34, '2025-05-01 18:03:47'),
(301, 34, '2025-06-15 13:05:04'),
(302, 34, '2025-05-09 02:16:29'),
(303, 34, '2025-03-02 15:14:10'),
(304, 34, '2024-12-31 23:21:24'),
(305, 34, '2025-04-20 09:07:50'),
(306, 35, '2025-03-13 21:01:28'),
(307, 35, '2025-06-14 07:08:57'),
(308, 35, '2025-03-12 21:15:50'),
(309, 35, '2025-04-25 09:57:55'),
(310, 35, '2025-03-16 22:30:02'),
(311, 35, '2024-12-25 03:33:17'),
(312, 35, '2025-01-20 07:41:49'),
(313, 35, '2025-04-12 02:09:25'),
(314, 35, '2025-03-03 11:43:02'),
(315, 36, '2025-02-16 09:23:42'),
(316, 36, '2025-05-24 18:14:06'),
(317, 37, '2025-06-08 05:54:22'),
(318, 37, '2025-05-19 20:08:06'),
(319, 37, '2025-04-14 16:18:38'),
(320, 37, '2025-02-20 01:00:44'),
(321, 37, '2025-01-01 13:39:16'),
(322, 37, '2025-02-15 05:11:01'),
(323, 37, '2025-02-13 00:18:52'),
(324, 38, '2025-03-12 22:33:24'),
(325, 38, '2025-01-09 12:01:01'),
(326, 38, '2025-04-16 15:11:31'),
(327, 38, '2024-12-31 21:23:32'),
(328, 38, '2025-06-06 18:03:47'),
(329, 38, '2025-05-15 07:47:38'),
(330, 38, '2025-02-02 01:57:47'),
(331, 38, '2025-04-25 18:58:22'),
(332, 38, '2025-03-23 10:24:43'),
(333, 38, '2025-01-11 03:37:23'),
(334, 38, '2025-04-22 17:28:05'),
(335, 39, '2025-06-15 13:16:53'),
(336, 39, '2025-05-08 23:24:32'),
(337, 39, '2025-04-12 09:20:19'),
(338, 39, '2025-04-06 13:11:18'),
(339, 39, '2025-05-20 16:46:02'),
(340, 39, '2024-12-20 18:50:54'),
(341, 39, '2025-04-21 03:24:04'),
(342, 39, '2025-01-23 18:18:39'),
(343, 40, '2025-02-27 18:00:28'),
(344, 40, '2025-02-12 00:22:21'),
(345, 40, '2025-01-28 12:11:50'),
(346, 40, '2025-02-27 20:02:46'),
(347, 40, '2025-05-28 15:37:16'),
(348, 40, '2024-12-27 11:26:04'),
(349, 40, '2025-01-21 16:26:43'),
(350, 40, '2025-01-01 12:24:22'),
(351, 40, '2025-01-25 02:09:35'),
(352, 40, '2025-01-04 08:42:28'),
(353, 40, '2025-01-12 19:34:30'),
(354, 40, '2025-02-06 09:30:31'),
(355, 40, '2025-05-10 16:12:51'),
(356, 40, '2025-05-14 19:38:00'),
(357, 40, '2025-01-04 16:42:31'),
(358, 41, '2025-04-17 23:19:46'),
(359, 41, '2025-02-12 18:41:32'),
(360, 41, '2024-12-21 16:15:31'),
(361, 41, '2024-12-25 04:56:40'),
(362, 41, '2025-02-22 11:58:22'),
(363, 41, '2025-05-24 11:20:16'),
(364, 41, '2025-02-15 06:45:46'),
(365, 41, '2025-06-01 10:08:15'),
(366, 41, '2025-03-07 14:30:07'),
(367, 41, '2025-02-01 07:58:18'),
(368, 41, '2025-03-03 08:07:15'),
(369, 41, '2025-05-02 00:13:57'),
(370, 41, '2025-05-22 06:39:40'),
(371, 41, '2025-04-17 21:39:38'),
(372, 41, '2025-02-14 22:53:13'),
(373, 41, '2025-05-14 14:24:42'),
(374, 41, '2025-03-22 12:33:42'),
(375, 41, '2025-03-06 08:54:53'),
(376, 41, '2025-02-03 16:21:29'),
(377, 42, '2025-05-23 21:25:39'),
(378, 42, '2025-01-11 21:28:29'),
(379, 42, '2025-02-23 03:21:57'),
(380, 42, '2025-05-01 13:11:40'),
(381, 42, '2024-12-29 19:52:07'),
(382, 42, '2025-05-01 14:01:51'),
(383, 42, '2025-02-02 02:51:14'),
(384, 42, '2025-05-27 06:27:48'),
(385, 42, '2025-03-18 09:19:20'),
(386, 42, '2025-05-08 13:45:48'),
(387, 42, '2025-04-12 19:11:17'),
(388, 42, '2025-04-21 03:58:57'),
(389, 42, '2025-04-19 16:06:39'),
(390, 42, '2025-01-30 01:43:29'),
(391, 42, '2025-01-31 03:59:30'),
(392, 42, '2025-02-13 18:24:38'),
(393, 42, '2025-03-18 16:37:03'),
(394, 42, '2024-12-27 05:45:52'),
(395, 43, '2025-01-30 08:46:57'),
(396, 43, '2025-02-24 23:27:02'),
(397, 43, '2025-04-06 14:55:54'),
(398, 43, '2025-04-08 02:10:30'),
(399, 43, '2025-04-14 19:22:53'),
(400, 43, '2025-03-01 06:21:49'),
(401, 43, '2025-02-12 04:34:33'),
(402, 45, '2025-02-19 11:16:59'),
(403, 45, '2025-01-06 19:23:20'),
(404, 45, '2025-05-30 05:28:55'),
(405, 46, '2025-04-29 02:57:25'),
(406, 47, '2025-05-02 09:45:50'),
(407, 48, '2024-12-31 16:52:53'),
(408, 48, '2025-04-20 05:15:44'),
(409, 48, '2025-02-19 02:54:09'),
(410, 48, '2025-01-31 04:28:53'),
(411, 48, '2024-12-20 20:32:23'),
(412, 48, '2025-05-02 12:52:31'),
(413, 48, '2025-04-22 20:07:49'),
(414, 48, '2025-02-01 21:40:27'),
(415, 48, '2025-03-10 05:12:23'),
(416, 48, '2025-01-23 20:19:03'),
(417, 48, '2025-03-05 08:37:48'),
(418, 48, '2024-12-22 04:34:37'),
(419, 48, '2025-03-31 08:27:16'),
(420, 48, '2025-04-08 00:53:01'),
(421, 48, '2024-12-22 21:07:18'),
(422, 48, '2025-01-28 20:36:59'),
(423, 48, '2025-02-28 08:51:20'),
(424, 48, '2025-01-08 06:33:05'),
(425, 48, '2025-03-16 11:04:52'),
(426, 49, '2025-04-20 17:34:31'),
(427, 49, '2025-02-02 12:22:04'),
(428, 49, '2025-06-12 15:18:29'),
(429, 49, '2025-04-06 13:20:35'),
(430, 49, '2025-06-13 12:04:54'),
(431, 49, '2025-04-29 00:07:41'),
(432, 49, '2025-05-04 16:24:42'),
(433, 49, '2025-01-03 01:46:37'),
(434, 49, '2025-03-07 05:42:06'),
(435, 50, '2025-05-14 09:27:29'),
(436, 50, '2025-05-21 00:51:48'),
(437, 50, '2025-02-24 23:23:52'),
(438, 50, '2025-02-21 19:00:29'),
(439, 50, '2025-03-30 13:12:38'),
(440, 51, '2025-02-22 09:16:13'),
(441, 51, '2025-03-07 17:15:29'),
(442, 51, '2024-12-23 02:20:26'),
(443, 54, '2025-01-28 14:17:40'),
(444, 54, '2025-01-25 12:54:11'),
(445, 54, '2025-03-22 17:38:11'),
(446, 54, '2025-04-16 10:53:30'),
(447, 54, '2024-12-27 16:17:05'),
(448, 54, '2025-03-28 14:43:09'),
(449, 54, '2025-03-28 06:22:32'),
(450, 54, '2025-04-28 05:37:10'),
(451, 54, '2025-02-23 03:54:38'),
(452, 54, '2025-06-14 17:13:06'),
(453, 54, '2024-12-30 09:53:36'),
(454, 55, '2025-05-02 04:06:19'),
(455, 55, '2025-05-31 11:11:49'),
(456, 55, '2025-03-06 05:37:08'),
(457, 55, '2025-05-28 05:21:43'),
(458, 55, '2025-02-15 09:28:22'),
(459, 55, '2025-02-28 21:02:59'),
(460, 55, '2025-02-07 18:24:05'),
(461, 55, '2025-02-18 15:51:03'),
(462, 55, '2025-04-14 18:56:03'),
(463, 55, '2025-01-23 05:50:04'),
(464, 55, '2025-04-10 07:09:27'),
(465, 55, '2025-04-01 01:28:47'),
(466, 55, '2025-05-29 05:48:54'),
(467, 55, '2025-02-21 00:01:39'),
(468, 55, '2025-02-09 14:24:57'),
(469, 55, '2025-06-13 07:04:17'),
(470, 55, '2025-03-16 06:44:05'),
(471, 55, '2025-03-27 17:55:59'),
(472, 56, '2025-01-30 07:40:03'),
(473, 56, '2025-01-26 18:14:04'),
(474, 56, '2025-03-22 18:31:23'),
(475, 56, '2025-02-13 05:08:57'),
(476, 56, '2025-04-06 06:54:34'),
(477, 56, '2025-03-10 10:02:31'),
(478, 56, '2025-04-15 15:17:39'),
(479, 56, '2025-01-13 01:47:18'),
(480, 57, '2025-01-02 01:22:43'),
(481, 57, '2025-04-23 02:09:48'),
(482, 57, '2025-05-08 05:59:05'),
(483, 57, '2025-02-12 14:10:49'),
(484, 57, '2025-01-16 16:23:32'),
(485, 57, '2025-01-15 07:39:13'),
(486, 57, '2025-03-07 00:03:59'),
(487, 57, '2025-02-15 13:46:10'),
(488, 57, '2025-02-01 09:07:59'),
(489, 57, '2025-05-25 04:08:00'),
(490, 58, '2025-02-14 18:02:29'),
(491, 59, '2025-05-05 12:09:41'),
(492, 59, '2025-03-16 08:37:14'),
(493, 59, '2025-03-21 07:34:45'),
(494, 59, '2025-06-13 08:59:09'),
(495, 59, '2025-03-02 22:47:52'),
(496, 59, '2025-04-06 13:19:25'),
(497, 59, '2025-06-10 18:08:25'),
(498, 59, '2025-01-06 14:56:23'),
(499, 59, '2025-01-06 13:01:20'),
(500, 59, '2025-03-02 06:08:02'),
(501, 59, '2024-12-28 17:35:19'),
(502, 59, '2025-04-30 09:05:28'),
(503, 59, '2025-05-28 10:00:16'),
(504, 59, '2025-03-19 06:11:20'),
(505, 59, '2025-04-07 05:06:35'),
(506, 60, '2025-01-15 06:51:23'),
(507, 60, '2025-02-09 22:23:33'),
(508, 60, '2025-03-13 23:05:28'),
(509, 60, '2025-05-25 09:32:07'),
(510, 60, '2025-03-04 00:38:39'),
(511, 60, '2025-04-19 18:41:08'),
(512, 60, '2025-03-30 01:03:34'),
(513, 60, '2025-06-04 05:28:02'),
(514, 60, '2025-04-11 14:37:51'),
(515, 60, '2025-03-21 14:48:44'),
(516, 60, '2025-05-27 06:42:41'),
(517, 60, '2025-03-26 15:27:11'),
(518, 60, '2025-05-06 21:22:32'),
(519, 60, '2025-02-15 06:40:46'),
(520, 60, '2025-05-02 07:00:46'),
(521, 60, '2025-01-25 12:00:49'),
(522, 61, '2025-04-11 19:50:34'),
(523, 61, '2025-04-17 03:00:46'),
(524, 61, '2025-06-16 10:08:10'),
(525, 62, '2025-02-25 05:59:41'),
(526, 62, '2025-05-03 04:43:31'),
(527, 62, '2025-02-09 23:38:54'),
(528, 62, '2024-12-20 23:35:46'),
(529, 62, '2025-02-07 21:52:33'),
(530, 62, '2025-04-01 09:44:16'),
(531, 62, '2025-03-16 15:32:16'),
(532, 62, '2025-03-30 18:24:53'),
(533, 62, '2025-02-23 17:26:41'),
(534, 62, '2025-01-04 05:48:33'),
(535, 62, '2025-04-04 13:29:18'),
(536, 62, '2025-04-30 21:54:33'),
(537, 62, '2025-02-26 01:14:31'),
(538, 62, '2025-04-08 16:37:34'),
(539, 62, '2025-04-15 02:03:11'),
(540, 62, '2025-01-15 15:09:23'),
(541, 63, '2025-03-02 16:19:56'),
(542, 63, '2025-03-11 12:53:18'),
(543, 63, '2025-01-19 19:01:28'),
(544, 63, '2025-01-02 12:40:15'),
(545, 63, '2025-03-19 13:43:35'),
(546, 63, '2025-03-12 10:55:07'),
(547, 63, '2025-04-20 02:24:53'),
(548, 63, '2025-02-04 04:50:23'),
(549, 63, '2025-01-18 09:37:21'),
(550, 63, '2024-12-29 16:57:13'),
(551, 63, '2025-01-23 18:50:25'),
(552, 63, '2025-04-07 14:22:20'),
(553, 63, '2025-02-14 21:04:11'),
(554, 63, '2025-02-07 03:33:43'),
(555, 63, '2025-01-27 06:23:06'),
(556, 63, '2025-03-01 19:07:18'),
(557, 63, '2025-02-08 05:13:19'),
(558, 63, '2025-01-01 17:09:04'),
(559, 63, '2025-01-03 09:11:11'),
(560, 63, '2025-03-30 10:05:32'),
(561, 64, '2025-06-07 05:37:25'),
(562, 64, '2025-01-29 01:52:44'),
(563, 64, '2025-01-04 20:07:51'),
(564, 64, '2025-05-16 18:50:52'),
(565, 64, '2025-03-14 12:09:29'),
(566, 64, '2025-03-30 03:50:56'),
(567, 64, '2025-04-03 19:20:54'),
(568, 64, '2025-03-22 20:26:51'),
(569, 64, '2025-03-15 23:13:45'),
(570, 64, '2025-04-08 22:57:37'),
(571, 64, '2025-05-22 16:16:23'),
(572, 64, '2025-04-05 20:47:46'),
(573, 64, '2025-06-04 10:47:24'),
(574, 64, '2025-05-19 02:15:22'),
(575, 64, '2025-01-31 01:21:49'),
(576, 64, '2025-05-01 04:07:14'),
(577, 64, '2025-03-13 14:53:04'),
(578, 64, '2024-12-25 08:53:43'),
(579, 65, '2025-04-12 15:36:13'),
(580, 65, '2025-04-27 10:38:20'),
(581, 65, '2025-01-06 06:10:32'),
(582, 65, '2025-03-23 08:13:02'),
(583, 65, '2025-04-12 12:33:21'),
(584, 66, '2025-04-17 20:49:09'),
(585, 66, '2024-12-26 13:51:34'),
(586, 66, '2025-03-21 21:51:25'),
(587, 66, '2025-05-01 16:26:54'),
(588, 66, '2024-12-24 15:17:35'),
(589, 66, '2025-02-07 11:14:13'),
(590, 66, '2025-01-10 19:46:39'),
(591, 66, '2025-04-21 15:09:31'),
(592, 66, '2025-04-14 01:59:01'),
(593, 66, '2025-01-20 22:25:27'),
(594, 66, '2025-05-27 07:43:45'),
(595, 67, '2025-05-04 12:47:47'),
(596, 67, '2025-06-02 07:19:13'),
(597, 67, '2025-01-02 21:15:28'),
(598, 67, '2025-02-25 09:46:47'),
(599, 67, '2025-03-20 02:08:08'),
(600, 67, '2025-04-07 09:08:04'),
(601, 67, '2025-01-08 19:38:30'),
(602, 67, '2025-02-14 22:03:28'),
(603, 67, '2025-01-09 09:38:33'),
(604, 67, '2025-03-09 10:16:55'),
(605, 67, '2025-02-06 02:50:35'),
(606, 67, '2025-01-07 14:13:08'),
(607, 68, '2025-01-25 01:22:38'),
(608, 68, '2025-06-05 13:03:23'),
(609, 68, '2024-12-20 00:09:20'),
(610, 68, '2025-01-18 05:22:37'),
(611, 68, '2025-01-08 14:50:07'),
(612, 68, '2025-02-13 01:15:18'),
(613, 68, '2025-04-07 08:32:58'),
(614, 69, '2025-01-08 05:36:07'),
(615, 69, '2025-02-21 05:10:13'),
(616, 69, '2025-03-03 09:00:51'),
(617, 69, '2025-02-20 12:00:56'),
(618, 69, '2025-02-04 11:03:11'),
(619, 69, '2025-05-12 09:28:21'),
(620, 69, '2025-01-11 11:35:45'),
(621, 69, '2025-06-12 13:50:01'),
(622, 69, '2025-06-03 10:42:39'),
(623, 69, '2025-04-11 10:33:59'),
(624, 69, '2025-03-25 23:12:23'),
(625, 69, '2025-04-19 16:38:26'),
(626, 69, '2025-02-16 15:01:07'),
(627, 69, '2025-05-14 15:29:51'),
(628, 69, '2025-01-21 19:28:40'),
(629, 69, '2025-04-16 14:19:40'),
(630, 69, '2025-03-25 20:07:17'),
(631, 69, '2025-01-02 01:21:28'),
(632, 69, '2025-04-27 04:02:28'),
(633, 70, '2025-04-30 05:29:50'),
(634, 70, '2025-04-24 06:07:14'),
(635, 70, '2025-01-23 10:51:09'),
(636, 70, '2024-12-23 19:31:28'),
(637, 70, '2025-03-09 10:37:55'),
(638, 70, '2025-02-03 08:23:32'),
(639, 70, '2025-04-16 21:56:20'),
(640, 70, '2024-12-18 16:53:19'),
(641, 70, '2025-02-25 06:44:26'),
(642, 70, '2025-05-27 05:56:05'),
(643, 70, '2025-04-19 05:12:48'),
(644, 70, '2025-01-26 02:35:17'),
(645, 70, '2025-02-24 12:15:00'),
(646, 70, '2025-03-25 22:04:17'),
(647, 70, '2025-03-08 19:05:31'),
(648, 71, '2025-03-09 20:25:03'),
(649, 71, '2025-01-30 15:19:49'),
(650, 71, '2025-04-06 13:36:34'),
(651, 71, '2025-05-04 16:15:08'),
(652, 71, '2025-01-02 11:06:00'),
(653, 71, '2025-03-26 23:40:27'),
(654, 71, '2024-12-30 17:58:35'),
(655, 71, '2025-03-19 06:09:08'),
(656, 71, '2025-01-26 01:08:20'),
(657, 71, '2025-06-05 04:45:07'),
(658, 71, '2025-01-17 14:52:15'),
(659, 71, '2025-01-31 05:39:15'),
(660, 71, '2025-05-16 07:13:45'),
(661, 71, '2025-04-11 23:27:50'),
(662, 72, '2024-12-21 23:27:53'),
(663, 72, '2024-12-21 13:04:16'),
(664, 72, '2025-06-08 23:36:00'),
(665, 72, '2025-04-23 04:26:54'),
(666, 72, '2025-05-22 00:26:27'),
(667, 72, '2025-04-27 10:42:16'),
(668, 72, '2025-06-02 00:15:05'),
(669, 72, '2025-04-15 12:36:44'),
(670, 72, '2025-02-25 06:25:52'),
(671, 72, '2025-03-07 02:49:38'),
(672, 73, '2024-12-22 18:47:31'),
(673, 73, '2025-06-03 05:08:56'),
(674, 73, '2025-06-16 05:28:40'),
(675, 73, '2025-04-01 14:56:48'),
(676, 73, '2025-03-30 02:22:28'),
(677, 73, '2025-03-20 23:32:48'),
(678, 73, '2025-03-21 04:41:54'),
(679, 73, '2025-05-13 01:36:37'),
(680, 74, '2025-03-17 10:01:02'),
(681, 74, '2024-12-27 23:55:04'),
(682, 75, '2025-03-29 05:09:28'),
(683, 75, '2025-05-24 12:21:37'),
(684, 75, '2025-01-30 05:37:05'),
(685, 75, '2024-12-28 01:46:48'),
(686, 75, '2025-04-07 14:09:53'),
(687, 75, '2025-06-04 23:04:14'),
(688, 75, '2025-02-03 05:33:39'),
(689, 75, '2025-01-22 20:51:00'),
(690, 75, '2025-02-06 19:12:05'),
(691, 75, '2025-06-07 01:47:54'),
(692, 75, '2025-01-28 09:08:00'),
(693, 75, '2025-02-06 16:13:16'),
(694, 75, '2025-02-28 07:27:30'),
(695, 75, '2025-03-02 20:36:22'),
(696, 75, '2025-05-17 02:40:28'),
(697, 75, '2025-01-14 19:10:31'),
(698, 75, '2025-06-06 00:42:43'),
(699, 75, '2025-04-14 22:18:04'),
(700, 75, '2025-02-12 13:25:29'),
(701, 76, '2025-02-28 01:33:44'),
(702, 76, '2025-04-20 05:42:00'),
(703, 76, '2025-03-15 08:36:54'),
(704, 76, '2025-03-05 12:45:26'),
(705, 76, '2025-05-06 02:23:13'),
(706, 76, '2025-05-16 01:23:01'),
(707, 76, '2025-02-19 17:31:42'),
(708, 76, '2025-05-06 00:08:24'),
(709, 76, '2025-02-01 02:41:11'),
(710, 76, '2025-02-10 20:29:38'),
(711, 77, '2025-01-18 18:53:53'),
(712, 77, '2025-02-02 09:41:14'),
(713, 77, '2025-02-04 05:11:06'),
(714, 77, '2025-01-13 09:12:05'),
(715, 77, '2025-02-13 07:27:25'),
(716, 77, '2024-12-29 00:38:33'),
(717, 77, '2025-02-19 18:23:16'),
(718, 77, '2025-05-17 04:57:06'),
(719, 77, '2025-05-16 06:36:22'),
(720, 77, '2025-02-21 10:55:33'),
(721, 77, '2025-01-29 00:24:07'),
(722, 77, '2025-06-04 12:38:21'),
(723, 77, '2025-06-12 05:14:23'),
(724, 77, '2024-12-30 14:54:14'),
(725, 77, '2025-01-08 20:53:08'),
(726, 77, '2025-05-02 04:32:54'),
(727, 78, '2024-12-27 07:45:22'),
(728, 78, '2025-03-22 17:50:50'),
(729, 78, '2025-05-21 20:18:22'),
(730, 78, '2025-04-02 06:05:44'),
(731, 78, '2025-04-18 00:00:36'),
(732, 78, '2025-03-24 04:29:23'),
(733, 78, '2025-02-09 22:16:53'),
(734, 78, '2025-05-22 15:03:51'),
(735, 78, '2025-05-29 15:05:52'),
(736, 78, '2025-02-13 04:43:23'),
(737, 78, '2025-01-10 04:17:24'),
(738, 78, '2025-01-31 06:26:31'),
(739, 78, '2024-12-25 13:23:47'),
(740, 78, '2025-03-24 05:20:32'),
(741, 78, '2025-05-06 15:40:53'),
(742, 78, '2025-02-05 22:23:14'),
(743, 78, '2025-06-05 07:38:12'),
(744, 78, '2025-03-11 11:29:33'),
(745, 78, '2025-05-27 07:08:00'),
(746, 78, '2025-01-29 05:25:06'),
(747, 79, '2025-02-22 13:39:44'),
(748, 79, '2025-01-03 10:12:31'),
(749, 79, '2025-05-14 22:46:34'),
(750, 79, '2025-05-07 23:35:10'),
(751, 79, '2024-12-27 00:27:18'),
(752, 79, '2025-03-06 12:19:10'),
(753, 79, '2025-03-12 20:45:00'),
(754, 79, '2025-06-08 14:08:13'),
(755, 79, '2025-05-12 05:07:34'),
(756, 79, '2025-04-12 00:48:59'),
(757, 79, '2025-06-03 17:24:59'),
(758, 79, '2025-04-30 15:01:19'),
(759, 79, '2025-01-18 17:08:24'),
(760, 80, '2025-01-23 15:55:52'),
(761, 80, '2025-02-05 01:59:25'),
(762, 80, '2025-05-05 17:48:21'),
(763, 80, '2025-06-08 02:53:22'),
(764, 80, '2025-01-12 13:39:55'),
(765, 80, '2025-02-08 16:19:17'),
(766, 80, '2025-01-15 04:48:42'),
(767, 80, '2025-01-16 18:15:03'),
(768, 80, '2025-01-23 21:44:10'),
(769, 80, '2025-06-08 15:25:51'),
(770, 80, '2025-02-28 20:29:57'),
(771, 80, '2025-03-15 00:19:32'),
(772, 80, '2025-06-04 04:02:05'),
(773, 81, '2025-05-29 09:20:07'),
(774, 81, '2025-01-21 00:34:36'),
(775, 81, '2025-03-26 09:58:25'),
(776, 81, '2025-04-22 09:58:26'),
(777, 81, '2025-01-04 13:06:09'),
(778, 81, '2025-02-05 17:55:22'),
(779, 81, '2025-02-20 23:14:08'),
(780, 81, '2025-03-21 17:04:05'),
(781, 81, '2025-05-26 05:59:43'),
(782, 81, '2025-04-30 14:40:47'),
(783, 81, '2025-04-01 23:34:55'),
(784, 81, '2025-03-25 14:22:43'),
(785, 81, '2025-04-17 08:11:34'),
(786, 82, '2025-03-14 16:30:55'),
(787, 82, '2025-04-12 14:58:07'),
(788, 82, '2025-04-07 21:17:01'),
(789, 82, '2025-01-25 04:35:48'),
(790, 82, '2025-03-29 19:08:11'),
(791, 82, '2025-05-01 22:56:55'),
(792, 82, '2025-06-08 18:39:02'),
(793, 82, '2025-06-16 14:32:42'),
(794, 82, '2025-01-22 11:53:41'),
(795, 82, '2025-03-15 03:04:12'),
(796, 82, '2025-05-03 11:46:20'),
(797, 82, '2025-05-05 19:55:21'),
(798, 82, '2024-12-23 21:43:25'),
(799, 82, '2025-05-29 00:19:53'),
(800, 82, '2025-04-06 06:03:59'),
(801, 82, '2025-06-03 07:38:54'),
(802, 82, '2025-01-25 06:11:08'),
(803, 82, '2025-02-15 22:46:52'),
(804, 82, '2025-02-25 08:43:44'),
(805, 82, '2025-04-22 10:27:13'),
(806, 83, '2025-02-07 15:40:22'),
(807, 83, '2025-04-06 01:13:07'),
(808, 83, '2025-04-12 17:32:33'),
(809, 83, '2025-06-04 07:37:00'),
(810, 83, '2025-04-16 16:21:27'),
(811, 83, '2024-12-30 08:20:59'),
(812, 83, '2025-04-08 16:36:35'),
(813, 84, '2024-12-20 23:03:40'),
(814, 84, '2025-02-06 17:49:45'),
(815, 84, '2025-01-19 20:15:45'),
(816, 84, '2025-03-17 00:34:30'),
(817, 84, '2025-05-30 00:35:10'),
(818, 85, '2025-04-21 05:35:32'),
(819, 86, '2025-05-03 05:39:09'),
(820, 86, '2025-06-04 10:17:33'),
(821, 86, '2024-12-30 03:51:55'),
(822, 86, '2025-03-21 14:34:23'),
(823, 86, '2025-03-13 23:46:25'),
(824, 86, '2025-02-12 11:02:05'),
(825, 86, '2025-04-20 15:38:32'),
(826, 86, '2025-05-07 03:41:38'),
(827, 86, '2024-12-28 04:38:38'),
(828, 86, '2025-02-25 10:20:41'),
(829, 86, '2025-01-08 17:54:14'),
(830, 86, '2025-06-05 20:23:48'),
(831, 86, '2025-02-26 17:38:23'),
(832, 86, '2025-03-15 06:39:00'),
(833, 86, '2025-01-10 05:08:16'),
(834, 86, '2025-03-06 14:27:56'),
(835, 86, '2025-03-20 00:57:01'),
(836, 87, '2025-05-02 07:48:24'),
(837, 88, '2025-01-07 15:44:19'),
(838, 88, '2025-02-12 01:20:00'),
(839, 89, '2025-01-03 13:27:32'),
(840, 89, '2025-01-08 05:52:36'),
(841, 89, '2025-03-24 14:59:39'),
(842, 89, '2025-03-30 05:31:52'),
(843, 89, '2025-03-01 13:38:25'),
(844, 89, '2025-06-04 05:39:33'),
(845, 89, '2025-02-24 20:15:48'),
(846, 89, '2025-04-17 02:42:54'),
(847, 90, '2025-06-02 12:35:38'),
(848, 90, '2025-02-08 16:44:08'),
(849, 90, '2025-04-24 01:39:23'),
(850, 90, '2025-02-22 11:25:15'),
(851, 90, '2024-12-22 10:19:58'),
(852, 90, '2025-05-18 12:25:25'),
(853, 90, '2025-01-02 01:26:18'),
(854, 90, '2025-01-11 11:42:06'),
(855, 90, '2025-02-02 11:23:01'),
(856, 90, '2024-12-26 14:27:56'),
(857, 91, '2025-04-11 18:47:30'),
(858, 91, '2025-01-03 19:02:54'),
(859, 91, '2024-12-31 19:57:13'),
(860, 92, '2025-05-15 19:46:39'),
(861, 92, '2025-02-01 21:32:37'),
(862, 92, '2025-01-18 14:53:28'),
(863, 93, '2025-04-06 20:39:00'),
(864, 93, '2025-01-04 12:25:37'),
(865, 93, '2025-01-22 23:05:01'),
(866, 93, '2025-02-20 21:52:46'),
(867, 93, '2025-06-05 17:42:33'),
(868, 93, '2025-04-01 16:50:52'),
(869, 93, '2025-04-22 04:37:22'),
(870, 93, '2025-01-12 15:24:24'),
(871, 93, '2025-01-11 11:08:05'),
(872, 93, '2025-03-03 18:07:33'),
(873, 93, '2025-03-25 20:37:55'),
(874, 93, '2025-01-16 00:39:14'),
(875, 93, '2025-01-20 09:06:31'),
(876, 93, '2025-03-17 04:16:23'),
(877, 93, '2025-05-26 21:23:23'),
(878, 93, '2025-05-24 17:36:13'),
(879, 94, '2025-01-30 08:58:16'),
(880, 94, '2025-06-03 17:55:19'),
(881, 94, '2025-04-05 20:44:18'),
(882, 94, '2025-03-21 00:58:09'),
(883, 94, '2024-12-21 21:51:03'),
(884, 94, '2025-02-09 05:09:56'),
(885, 94, '2025-04-02 11:46:21'),
(886, 94, '2025-05-22 06:55:44'),
(887, 94, '2025-04-08 07:02:58'),
(888, 94, '2025-05-08 00:14:16'),
(889, 94, '2025-05-21 21:59:11'),
(890, 94, '2025-04-15 16:22:20'),
(891, 95, '2025-03-15 02:14:22'),
(892, 95, '2025-06-13 13:33:31'),
(893, 95, '2025-01-28 09:23:29'),
(894, 95, '2025-05-11 13:41:52'),
(895, 95, '2025-01-04 00:39:42'),
(896, 95, '2025-04-28 04:28:07'),
(897, 95, '2025-04-11 18:27:38'),
(898, 95, '2025-02-10 18:28:24'),
(899, 95, '2025-04-09 12:37:31'),
(900, 95, '2025-03-01 01:35:51'),
(901, 95, '2025-03-27 21:24:30'),
(902, 95, '2025-04-05 04:30:03'),
(903, 95, '2025-06-11 11:54:21'),
(904, 95, '2025-02-23 08:23:06'),
(905, 95, '2025-01-20 01:49:23'),
(906, 96, '2025-02-02 12:02:34'),
(907, 96, '2025-02-09 03:14:57'),
(908, 96, '2025-03-05 13:06:18'),
(909, 96, '2025-01-23 07:28:39'),
(910, 96, '2025-05-13 16:17:03'),
(911, 96, '2025-03-28 23:53:12'),
(912, 96, '2025-03-04 10:22:52'),
(913, 96, '2025-02-21 17:35:00'),
(914, 96, '2025-01-13 09:32:50'),
(915, 96, '2025-05-07 23:07:31'),
(916, 96, '2025-03-27 05:14:02'),
(917, 96, '2025-02-07 20:44:20'),
(918, 96, '2025-03-19 15:35:11'),
(919, 96, '2025-04-30 10:54:49'),
(920, 96, '2025-05-19 06:46:35'),
(921, 96, '2025-05-05 15:36:37'),
(922, 97, '2025-01-03 08:31:37'),
(923, 97, '2025-02-09 15:33:39'),
(924, 97, '2025-04-08 10:40:09'),
(925, 97, '2025-06-11 02:33:42'),
(926, 97, '2025-05-17 02:29:47'),
(927, 97, '2025-05-16 06:29:49'),
(928, 97, '2025-03-02 19:47:21'),
(929, 97, '2025-03-13 13:44:56'),
(930, 97, '2025-04-19 05:55:53'),
(931, 97, '2025-06-11 12:55:18'),
(932, 97, '2025-05-17 11:00:13'),
(933, 97, '2025-05-03 16:46:16'),
(934, 97, '2025-01-10 14:12:41'),
(935, 98, '2025-01-08 00:34:45'),
(936, 98, '2025-05-28 08:43:24'),
(937, 98, '2025-01-14 02:14:25'),
(938, 98, '2025-02-18 14:42:28'),
(939, 98, '2025-02-13 20:56:47'),
(940, 99, '2025-01-03 05:33:53'),
(941, 100, '2025-03-21 14:39:41'),
(942, 100, '2024-12-22 02:43:22'),
(943, 100, '2025-05-05 03:08:30'),
(944, 100, '2025-01-16 17:08:01'),
(945, 100, '2025-03-02 11:47:04'),
(946, 100, '2025-05-19 01:45:43'),
(947, 100, '2025-01-03 11:18:16'),
(948, 100, '2025-05-21 15:36:00'),
(949, 101, '2025-06-16 02:43:26'),
(950, 101, '2025-04-29 13:58:28'),
(951, 101, '2025-02-03 23:49:21'),
(952, 101, '2025-06-13 03:28:45'),
(953, 101, '2025-01-31 08:36:01'),
(954, 101, '2025-01-05 11:38:48'),
(955, 101, '2025-02-02 23:57:52'),
(956, 101, '2025-03-05 09:28:43'),
(957, 102, '2025-02-13 20:39:23'),
(958, 102, '2025-01-26 03:56:39'),
(959, 103, '2025-03-11 14:45:35'),
(960, 103, '2025-04-12 15:29:59'),
(961, 103, '2025-01-05 19:42:07'),
(962, 103, '2025-05-25 17:34:43'),
(963, 103, '2025-04-03 04:37:36'),
(964, 103, '2025-01-05 03:39:26'),
(965, 103, '2025-05-01 09:29:04'),
(966, 103, '2025-03-26 13:21:39'),
(967, 103, '2024-12-26 21:48:32'),
(968, 104, '2025-02-05 01:23:54'),
(969, 104, '2025-05-25 23:27:58'),
(970, 104, '2025-05-09 13:45:01'),
(971, 104, '2025-03-14 08:07:58'),
(972, 104, '2025-03-04 06:30:09'),
(973, 104, '2025-02-23 10:40:32'),
(974, 104, '2025-01-28 20:05:42'),
(975, 104, '2025-05-07 20:00:39'),
(976, 104, '2025-01-31 06:24:53'),
(977, 105, '2025-03-26 09:23:52'),
(978, 105, '2025-05-06 19:50:53'),
(979, 105, '2025-03-08 22:35:39'),
(980, 105, '2025-04-09 15:38:22'),
(981, 105, '2025-04-30 11:26:37'),
(982, 105, '2025-03-04 03:19:01'),
(983, 105, '2025-05-28 13:37:45'),
(984, 105, '2025-04-01 16:17:47'),
(985, 105, '2025-06-14 07:06:04'),
(986, 106, '2024-12-18 21:19:09'),
(987, 106, '2025-04-05 13:56:11'),
(988, 106, '2025-04-15 19:04:20'),
(989, 106, '2025-03-07 05:17:36'),
(990, 106, '2025-04-09 02:47:11'),
(991, 106, '2025-04-06 04:56:04'),
(992, 106, '2024-12-24 11:30:07'),
(993, 106, '2025-05-07 15:25:00'),
(994, 107, '2025-01-14 07:06:40'),
(995, 107, '2025-05-19 19:37:19'),
(996, 107, '2025-01-23 13:15:40'),
(997, 108, '2025-04-14 02:46:01'),
(998, 108, '2025-04-21 09:20:21'),
(999, 108, '2025-01-28 02:37:36'),
(1000, 108, '2025-05-06 15:45:16'),
(1001, 108, '2025-04-21 09:16:54'),
(1002, 108, '2025-01-31 19:19:34'),
(1003, 109, '2025-04-07 06:52:19'),
(1004, 109, '2025-02-10 10:01:20'),
(1005, 109, '2024-12-20 15:58:06'),
(1006, 109, '2025-03-17 20:23:10'),
(1007, 109, '2025-03-03 18:24:58'),
(1008, 109, '2025-03-02 11:01:41'),
(1009, 109, '2025-03-07 16:24:51'),
(1010, 109, '2025-03-07 05:15:11'),
(1011, 109, '2025-01-09 23:33:01'),
(1012, 109, '2025-02-20 12:05:40'),
(1013, 109, '2025-03-02 00:05:34'),
(1014, 110, '2025-05-12 14:17:26'),
(1015, 110, '2025-04-15 14:23:02'),
(1016, 110, '2025-05-08 11:58:56'),
(1017, 110, '2025-01-24 10:26:31'),
(1018, 110, '2025-02-22 07:03:31'),
(1019, 110, '2025-05-26 13:12:14'),
(1020, 110, '2025-03-04 18:00:08'),
(1021, 110, '2025-06-07 03:56:39'),
(1022, 110, '2025-04-14 18:49:16'),
(1023, 110, '2025-05-16 01:30:04'),
(1024, 110, '2025-01-03 04:47:03'),
(1025, 110, '2025-03-24 19:22:08'),
(1026, 110, '2024-12-25 17:10:13'),
(1027, 110, '2025-04-21 17:43:15'),
(1028, 110, '2025-05-23 21:29:28'),
(1029, 110, '2025-01-13 13:00:07'),
(1030, 110, '2025-01-06 00:38:35'),
(1031, 110, '2025-05-26 22:17:22'),
(1032, 111, '2025-02-13 04:50:12'),
(1033, 111, '2025-03-01 20:56:10'),
(1034, 111, '2025-04-19 02:53:29'),
(1035, 111, '2025-04-27 21:13:49'),
(1036, 111, '2025-04-06 04:50:09'),
(1037, 111, '2025-05-07 00:23:37'),
(1038, 111, '2024-12-27 12:02:19'),
(1039, 111, '2025-05-12 06:50:10'),
(1040, 111, '2025-03-13 22:19:02'),
(1041, 111, '2025-03-01 13:19:31'),
(1042, 111, '2025-02-17 22:30:02'),
(1043, 111, '2025-05-20 11:44:24'),
(1044, 111, '2025-02-16 21:24:52'),
(1045, 111, '2025-05-10 06:53:35'),
(1046, 111, '2025-02-21 18:57:06'),
(1047, 111, '2025-05-23 11:18:45'),
(1048, 112, '2025-01-10 20:14:38'),
(1049, 112, '2025-03-08 09:50:57'),
(1050, 112, '2024-12-29 22:24:35'),
(1051, 112, '2025-06-15 16:15:14'),
(1052, 112, '2025-06-07 15:24:51'),
(1053, 112, '2025-01-14 19:58:45'),
(1054, 112, '2025-06-04 19:47:07'),
(1055, 113, '2025-01-19 12:36:29'),
(1056, 113, '2025-04-22 12:05:49'),
(1057, 113, '2024-12-27 07:58:44'),
(1058, 113, '2025-01-20 21:27:06'),
(1059, 113, '2025-03-20 10:59:41'),
(1060, 113, '2025-02-07 09:47:06'),
(1061, 113, '2025-04-08 13:42:04'),
(1062, 113, '2025-04-08 08:04:56'),
(1063, 114, '2025-02-10 00:05:45'),
(1064, 114, '2025-02-20 19:32:07'),
(1065, 114, '2025-06-12 04:05:10'),
(1066, 114, '2025-04-25 02:23:46'),
(1067, 114, '2025-04-26 06:16:43'),
(1068, 114, '2025-01-13 18:39:17'),
(1069, 114, '2025-02-22 03:17:00'),
(1070, 114, '2025-03-17 08:37:27'),
(1071, 114, '2025-01-27 01:33:14'),
(1072, 114, '2025-06-02 20:53:48'),
(1073, 114, '2025-04-06 20:18:52'),
(1074, 114, '2025-01-23 12:17:46'),
(1075, 114, '2025-02-22 16:25:26'),
(1076, 114, '2025-05-17 20:55:14'),
(1077, 114, '2025-04-14 02:40:58'),
(1078, 114, '2025-05-05 18:28:39'),
(1079, 114, '2025-03-18 04:05:23'),
(1080, 114, '2025-02-02 08:43:28'),
(1081, 114, '2025-05-08 11:28:16'),
(1082, 115, '2025-02-01 02:17:28'),
(1083, 115, '2025-04-04 16:44:38'),
(1084, 115, '2025-03-04 01:00:11'),
(1085, 115, '2025-02-14 10:39:55'),
(1086, 115, '2025-06-10 14:05:30'),
(1087, 115, '2025-02-20 18:30:35'),
(1088, 115, '2025-06-01 05:06:56'),
(1089, 115, '2025-01-21 01:39:25'),
(1090, 115, '2025-02-20 21:06:25'),
(1091, 116, '2025-03-23 16:48:04'),
(1092, 116, '2025-05-07 01:27:45'),
(1093, 116, '2025-04-23 19:14:15'),
(1094, 116, '2025-04-26 21:38:14'),
(1095, 116, '2025-05-25 18:18:16'),
(1096, 116, '2025-04-16 02:37:09'),
(1097, 117, '2025-06-05 14:20:11'),
(1098, 117, '2025-01-05 00:04:12'),
(1099, 117, '2025-04-09 17:42:01'),
(1100, 117, '2025-05-09 01:54:42'),
(1101, 117, '2025-01-02 08:51:13'),
(1102, 117, '2024-12-22 05:07:57'),
(1103, 117, '2025-04-11 01:24:20'),
(1104, 117, '2025-04-28 05:05:31'),
(1105, 117, '2025-04-30 08:53:18'),
(1106, 117, '2025-01-19 00:13:19'),
(1107, 117, '2025-03-04 05:09:45'),
(1108, 117, '2025-02-09 00:01:12'),
(1109, 118, '2025-04-09 23:33:23'),
(1110, 118, '2025-04-15 08:28:45'),
(1111, 118, '2025-05-18 03:40:44'),
(1112, 118, '2025-03-02 17:57:15'),
(1113, 118, '2025-06-10 07:14:11'),
(1114, 118, '2025-01-21 19:06:50'),
(1115, 118, '2025-03-11 08:57:53'),
(1116, 118, '2025-04-12 15:23:29'),
(1117, 118, '2025-03-25 13:45:01'),
(1118, 118, '2025-06-12 12:35:44'),
(1119, 118, '2024-12-28 21:22:28'),
(1120, 118, '2025-01-24 06:33:09'),
(1121, 118, '2025-01-10 13:38:52'),
(1122, 118, '2025-05-02 20:24:09'),
(1123, 119, '2024-12-22 08:04:09'),
(1124, 119, '2025-05-25 01:47:47'),
(1125, 120, '2025-05-08 01:41:26'),
(1126, 120, '2025-05-22 13:07:40'),
(1127, 120, '2025-03-19 01:36:52'),
(1128, 120, '2025-02-18 06:24:38'),
(1129, 120, '2025-04-01 00:48:32'),
(1130, 120, '2025-01-23 11:44:52'),
(1131, 121, '2025-02-20 09:10:22'),
(1132, 121, '2025-03-28 12:38:59'),
(1133, 121, '2025-05-29 15:45:39'),
(1134, 121, '2025-01-05 09:10:29'),
(1135, 121, '2025-05-15 12:50:49'),
(1136, 121, '2025-06-06 03:20:47'),
(1137, 121, '2025-02-14 21:04:27'),
(1138, 121, '2025-04-29 16:20:01'),
(1139, 121, '2025-05-13 15:42:07'),
(1140, 121, '2025-01-08 10:01:29'),
(1141, 121, '2025-03-26 02:32:18'),
(1142, 121, '2025-02-04 03:46:58'),
(1143, 121, '2024-12-29 15:26:13'),
(1144, 121, '2025-02-10 13:05:16'),
(1145, 121, '2025-03-07 23:26:23'),
(1146, 121, '2024-12-20 22:15:32'),
(1147, 121, '2025-05-06 06:02:47'),
(1148, 122, '2025-04-14 01:07:15'),
(1149, 122, '2025-04-10 06:37:29'),
(1150, 122, '2025-05-04 10:43:56'),
(1151, 122, '2025-01-20 01:37:33'),
(1152, 122, '2025-01-08 17:28:54'),
(1153, 122, '2025-01-18 12:06:56'),
(1154, 122, '2025-04-13 22:36:00'),
(1155, 122, '2024-12-28 06:57:20'),
(1156, 122, '2025-03-16 03:45:07'),
(1157, 122, '2025-05-24 06:39:40'),
(1158, 122, '2025-02-13 19:53:50'),
(1159, 122, '2025-05-13 03:49:23'),
(1160, 122, '2025-01-28 16:12:29'),
(1161, 122, '2025-03-28 01:56:47'),
(1162, 122, '2025-05-11 18:37:51'),
(1163, 122, '2025-04-09 10:19:50'),
(1164, 122, '2024-12-25 04:16:23'),
(1165, 122, '2025-01-08 09:20:50'),
(1166, 123, '2025-03-16 21:40:21'),
(1167, 123, '2025-02-18 23:47:11'),
(1168, 123, '2025-05-10 14:36:45'),
(1169, 123, '2025-02-03 08:36:02'),
(1170, 123, '2025-02-09 11:13:14'),
(1171, 123, '2025-05-15 07:04:01'),
(1172, 123, '2025-03-09 22:39:09'),
(1173, 123, '2024-12-30 14:12:49'),
(1174, 123, '2025-01-03 10:21:31'),
(1175, 123, '2025-03-11 09:35:54'),
(1176, 123, '2025-03-27 23:09:03'),
(1177, 123, '2025-04-07 04:27:54'),
(1178, 124, '2024-12-31 12:08:07'),
(1179, 124, '2025-05-09 20:29:23'),
(1180, 124, '2025-01-17 15:30:31'),
(1181, 124, '2025-05-30 09:47:57'),
(1182, 124, '2025-04-17 19:55:36'),
(1183, 124, '2025-01-18 15:29:28'),
(1184, 124, '2025-01-26 06:28:54'),
(1185, 124, '2025-03-14 00:01:09'),
(1186, 124, '2025-02-01 23:50:29'),
(1187, 124, '2025-03-02 14:34:44'),
(1188, 124, '2025-06-07 23:23:20'),
(1189, 124, '2025-03-17 17:41:43'),
(1190, 124, '2025-06-13 21:08:10'),
(1191, 124, '2024-12-20 17:24:01'),
(1192, 124, '2025-01-09 19:10:34'),
(1193, 124, '2025-05-10 17:07:23'),
(1194, 124, '2025-02-04 10:23:52'),
(1195, 124, '2025-01-24 06:58:41'),
(1196, 125, '2025-02-06 09:11:25'),
(1197, 125, '2025-05-04 15:37:06'),
(1198, 125, '2025-04-11 04:55:55'),
(1199, 125, '2025-05-21 22:28:22'),
(1200, 125, '2025-06-11 17:45:57'),
(1201, 126, '2025-02-08 21:25:22'),
(1202, 126, '2025-05-25 17:02:07'),
(1203, 126, '2025-03-31 19:00:07'),
(1204, 126, '2025-04-01 02:47:54'),
(1205, 126, '2025-02-28 02:16:16'),
(1206, 126, '2025-02-08 04:28:51'),
(1207, 126, '2025-02-02 00:56:18'),
(1208, 126, '2025-05-06 23:50:25'),
(1209, 126, '2025-01-07 00:25:40'),
(1210, 127, '2025-05-29 04:56:57'),
(1211, 127, '2025-05-02 10:22:25'),
(1212, 127, '2025-03-21 06:06:56'),
(1213, 127, '2025-01-16 07:42:31'),
(1214, 127, '2025-03-10 23:02:17'),
(1215, 127, '2025-05-27 08:07:54'),
(1216, 127, '2025-02-11 03:58:34'),
(1217, 127, '2025-05-11 02:26:34'),
(1218, 127, '2025-05-17 16:40:08'),
(1219, 127, '2025-06-13 12:24:35'),
(1220, 127, '2025-05-14 19:47:21'),
(1221, 127, '2025-03-20 15:48:31'),
(1222, 127, '2025-02-19 18:04:29'),
(1223, 127, '2025-03-10 18:12:06'),
(1224, 127, '2025-05-31 23:11:53'),
(1225, 127, '2025-03-31 05:45:44'),
(1226, 128, '2025-01-14 00:19:45'),
(1227, 128, '2025-02-15 04:11:37'),
(1228, 128, '2025-04-09 12:03:13'),
(1229, 128, '2025-01-02 08:48:54'),
(1230, 129, '2025-03-30 17:41:01'),
(1231, 129, '2025-01-22 06:45:58'),
(1232, 129, '2024-12-28 15:52:41'),
(1233, 129, '2025-01-29 00:06:44'),
(1234, 129, '2025-02-01 11:40:31'),
(1235, 130, '2025-05-29 07:43:14'),
(1236, 132, '2025-04-06 06:06:36'),
(1237, 132, '2025-05-20 16:47:43'),
(1238, 132, '2025-01-04 08:48:22'),
(1239, 132, '2025-03-30 20:05:04'),
(1240, 133, '2025-03-18 10:59:26'),
(1241, 133, '2025-05-29 12:49:49'),
(1242, 133, '2025-03-25 06:08:51'),
(1243, 133, '2025-05-12 00:22:28'),
(1244, 135, '2025-01-30 01:26:24'),
(1245, 135, '2025-04-27 09:49:27'),
(1246, 135, '2025-02-23 03:46:45'),
(1247, 135, '2025-04-10 17:52:16'),
(1248, 135, '2025-05-13 05:13:59'),
(1249, 135, '2025-03-26 12:31:09'),
(1250, 135, '2025-05-14 13:12:46'),
(1251, 135, '2025-06-11 19:25:39'),
(1252, 135, '2025-03-20 12:53:01'),
(1253, 135, '2025-01-07 19:11:32'),
(1254, 135, '2025-04-21 05:57:55'),
(1255, 135, '2025-03-20 19:05:58'),
(1256, 135, '2025-02-08 14:33:34'),
(1257, 135, '2025-01-24 11:01:05'),
(1258, 135, '2024-12-27 13:15:10'),
(1259, 136, '2025-05-08 11:36:39'),
(1260, 136, '2025-05-19 03:23:59'),
(1261, 136, '2025-04-24 13:52:40'),
(1262, 136, '2025-03-09 00:04:31'),
(1263, 136, '2025-02-17 13:07:05'),
(1264, 136, '2025-03-03 00:17:54'),
(1265, 136, '2025-05-18 04:52:49'),
(1266, 136, '2025-04-16 20:15:02'),
(1267, 136, '2025-04-16 01:07:33'),
(1268, 136, '2025-02-25 17:38:17'),
(1269, 136, '2025-01-28 08:58:28'),
(1270, 136, '2025-04-19 14:10:56'),
(1271, 136, '2024-12-18 19:38:52'),
(1272, 136, '2025-01-02 22:43:31'),
(1273, 137, '2025-02-27 10:03:36'),
(1274, 137, '2025-04-09 12:34:05'),
(1275, 137, '2024-12-28 06:09:10'),
(1276, 137, '2025-03-05 00:53:26'),
(1277, 137, '2025-03-28 02:13:58'),
(1278, 137, '2025-06-05 19:25:56'),
(1279, 137, '2025-03-11 01:51:31'),
(1280, 137, '2025-05-02 10:34:00'),
(1281, 137, '2025-05-19 10:30:59'),
(1282, 137, '2025-04-06 02:30:11'),
(1283, 137, '2025-04-21 18:42:01'),
(1284, 137, '2025-01-08 06:07:07'),
(1285, 137, '2025-03-28 08:24:46'),
(1286, 137, '2025-06-01 22:50:55'),
(1287, 138, '2025-06-02 07:45:02'),
(1288, 138, '2025-06-01 22:42:29'),
(1289, 138, '2025-01-12 09:42:48'),
(1290, 138, '2025-01-10 15:53:07'),
(1291, 138, '2025-02-07 18:39:10'),
(1292, 138, '2025-01-29 07:53:06'),
(1293, 138, '2025-03-20 10:10:40'),
(1294, 138, '2024-12-25 20:48:54'),
(1295, 138, '2025-05-26 17:18:50'),
(1296, 138, '2025-02-10 17:58:39'),
(1297, 138, '2025-03-22 13:58:06'),
(1298, 138, '2025-02-27 00:09:45'),
(1299, 138, '2025-02-10 14:17:00'),
(1300, 138, '2025-04-21 13:23:06'),
(1301, 138, '2025-06-12 16:53:52'),
(1302, 138, '2025-04-25 04:33:54'),
(1303, 138, '2025-03-03 22:34:22'),
(1304, 138, '2025-03-30 05:08:26'),
(1305, 138, '2025-01-19 22:10:25'),
(1306, 138, '2025-04-03 21:06:36'),
(1307, 139, '2025-04-29 09:57:54'),
(1308, 139, '2024-12-21 10:08:28'),
(1309, 139, '2025-02-08 07:51:50'),
(1310, 140, '2025-01-10 17:02:47'),
(1311, 140, '2025-05-22 01:36:49'),
(1312, 140, '2025-06-02 15:55:47'),
(1313, 140, '2025-03-20 15:38:13'),
(1314, 141, '2025-02-19 16:25:50'),
(1315, 141, '2025-01-26 05:56:38'),
(1316, 141, '2025-01-16 08:13:15'),
(1317, 141, '2025-01-09 01:17:51'),
(1318, 141, '2025-01-23 12:24:00'),
(1319, 141, '2025-04-05 11:17:38'),
(1320, 141, '2025-05-17 07:37:12'),
(1321, 141, '2025-02-16 00:53:06'),
(1322, 142, '2025-03-27 02:51:44'),
(1323, 142, '2025-01-22 16:28:13'),
(1324, 142, '2025-01-20 16:24:36'),
(1325, 142, '2025-03-26 05:10:14'),
(1326, 142, '2025-01-07 09:05:25'),
(1327, 142, '2025-02-18 13:19:14'),
(1328, 142, '2025-03-08 08:03:13'),
(1329, 143, '2025-02-08 11:33:13'),
(1330, 143, '2025-05-11 15:33:15'),
(1331, 143, '2025-03-30 22:44:33'),
(1332, 144, '2025-03-19 12:06:35'),
(1333, 144, '2025-02-26 09:41:46'),
(1334, 144, '2025-01-11 21:40:49'),
(1335, 144, '2025-05-13 08:59:09'),
(1336, 144, '2025-02-01 15:08:37'),
(1337, 144, '2025-04-10 08:27:32'),
(1338, 144, '2024-12-21 10:45:17'),
(1339, 146, '2025-05-24 22:47:13'),
(1340, 146, '2025-01-29 21:02:26'),
(1341, 146, '2025-03-07 23:56:04'),
(1342, 147, '2025-04-27 21:47:41'),
(1343, 147, '2025-04-22 01:35:10'),
(1344, 147, '2025-02-15 20:04:51'),
(1345, 147, '2025-03-30 09:28:21'),
(1346, 147, '2025-03-14 10:57:38'),
(1347, 147, '2025-03-31 08:39:35'),
(1348, 147, '2025-03-04 12:22:18'),
(1349, 147, '2025-02-05 07:53:33'),
(1350, 147, '2025-05-06 14:27:04'),
(1351, 147, '2025-01-29 17:11:32'),
(1352, 147, '2025-01-19 18:44:50'),
(1353, 147, '2025-02-18 04:30:52'),
(1354, 147, '2025-04-11 10:44:03'),
(1355, 147, '2025-06-03 01:30:31'),
(1356, 148, '2025-05-30 12:45:51'),
(1357, 148, '2025-01-11 08:27:14'),
(1358, 148, '2025-02-21 14:57:33'),
(1359, 148, '2025-01-05 11:21:23'),
(1360, 148, '2025-06-12 05:54:23'),
(1361, 148, '2024-12-27 20:45:50'),
(1362, 148, '2025-04-10 17:44:24'),
(1363, 148, '2025-06-06 20:57:52'),
(1364, 148, '2025-01-28 04:31:38'),
(1365, 148, '2025-05-30 21:40:59'),
(1366, 148, '2025-03-17 17:34:26'),
(1367, 148, '2025-03-31 01:13:31'),
(1368, 148, '2025-04-03 14:17:11'),
(1369, 148, '2025-01-30 17:09:54'),
(1370, 148, '2024-12-31 18:56:53'),
(1371, 148, '2025-01-27 03:43:52'),
(1372, 149, '2025-01-08 17:12:48'),
(1373, 149, '2025-04-14 12:48:46'),
(1374, 149, '2025-05-26 09:32:49'),
(1375, 149, '2025-04-08 19:18:39'),
(1376, 149, '2025-03-07 21:36:17'),
(1377, 149, '2025-03-10 21:57:06'),
(1378, 149, '2025-04-01 10:08:05'),
(1379, 149, '2025-05-16 20:59:28'),
(1380, 149, '2025-03-17 13:27:38'),
(1381, 149, '2025-04-05 11:20:42'),
(1382, 149, '2025-02-23 21:20:23'),
(1383, 149, '2025-05-05 16:19:42'),
(1384, 149, '2025-04-28 00:08:14'),
(1385, 149, '2025-02-12 06:14:38'),
(1386, 149, '2025-02-20 13:31:57'),
(1387, 149, '2025-06-05 01:15:33'),
(1388, 150, '2025-03-09 18:36:16'),
(1389, 150, '2024-12-22 12:04:48'),
(1390, 150, '2025-03-28 01:56:36'),
(1391, 151, '2025-06-16 15:34:13'),
(1392, 151, '2025-05-16 19:31:02'),
(1393, 151, '2025-04-06 18:53:16'),
(1394, 151, '2025-03-30 12:44:31'),
(1395, 151, '2025-05-04 17:59:27'),
(1396, 151, '2025-03-30 10:12:01'),
(1397, 151, '2025-01-25 21:34:21'),
(1398, 151, '2025-01-05 17:50:16'),
(1399, 151, '2025-02-17 19:09:35'),
(1400, 151, '2025-03-04 05:33:46'),
(1401, 152, '2025-06-08 04:56:53'),
(1402, 152, '2025-06-14 02:19:56'),
(1403, 152, '2025-01-16 19:37:54'),
(1404, 152, '2025-01-31 12:01:41'),
(1405, 152, '2025-02-18 16:07:10'),
(1406, 152, '2025-02-07 16:17:07'),
(1407, 152, '2025-06-04 16:16:53'),
(1408, 152, '2024-12-18 22:12:51'),
(1409, 153, '2025-03-25 10:59:43'),
(1410, 153, '2025-04-19 01:14:37'),
(1411, 153, '2025-02-08 10:36:50'),
(1412, 153, '2025-05-24 08:06:35'),
(1413, 153, '2025-05-21 03:07:19'),
(1414, 154, '2025-04-24 16:50:45'),
(1415, 154, '2025-04-04 08:06:22'),
(1416, 154, '2025-04-21 00:30:23'),
(1417, 154, '2025-04-22 16:07:34'),
(1418, 154, '2025-03-18 18:34:48'),
(1419, 154, '2024-12-28 04:00:28'),
(1420, 154, '2025-05-28 14:49:29'),
(1421, 154, '2025-01-02 22:56:48'),
(1422, 155, '2025-05-14 16:59:46'),
(1423, 155, '2025-04-15 06:26:51'),
(1424, 155, '2025-04-09 23:15:09'),
(1425, 155, '2025-06-14 01:41:38'),
(1426, 155, '2025-05-24 20:24:06'),
(1427, 155, '2025-02-17 20:45:27'),
(1428, 155, '2025-06-03 00:35:37'),
(1429, 155, '2025-04-01 06:43:33'),
(1430, 156, '2025-06-03 01:21:15'),
(1431, 156, '2025-02-16 00:09:30'),
(1432, 157, '2025-04-11 21:21:26'),
(1433, 157, '2025-02-01 19:37:41'),
(1434, 157, '2025-06-05 11:06:58'),
(1435, 157, '2025-05-08 15:53:44'),
(1436, 157, '2025-06-09 04:16:08'),
(1437, 157, '2025-01-14 23:53:11'),
(1438, 157, '2025-06-01 13:41:47'),
(1439, 157, '2025-03-12 01:35:02'),
(1440, 157, '2025-06-06 07:47:35'),
(1441, 157, '2025-01-24 08:53:59'),
(1442, 157, '2025-02-09 10:52:04'),
(1443, 157, '2025-06-03 08:35:26'),
(1444, 157, '2025-02-07 13:15:12'),
(1445, 157, '2025-01-25 13:10:34'),
(1446, 157, '2024-12-23 04:38:27'),
(1447, 157, '2025-03-05 06:39:41'),
(1448, 158, '2025-03-26 14:29:45'),
(1449, 158, '2025-02-22 15:31:37'),
(1450, 159, '2025-01-27 06:05:43'),
(1451, 159, '2025-05-05 04:07:43'),
(1452, 159, '2025-02-05 18:38:13'),
(1453, 159, '2024-12-19 15:25:47'),
(1454, 159, '2025-01-12 07:54:22'),
(1455, 159, '2025-03-07 01:34:15'),
(1456, 159, '2025-01-04 01:51:37'),
(1457, 159, '2025-02-23 00:24:02'),
(1458, 159, '2025-04-07 03:12:19'),
(1459, 159, '2025-04-22 12:13:34'),
(1460, 160, '2024-12-20 01:19:40'),
(1461, 160, '2025-06-04 15:26:05'),
(1462, 160, '2025-06-11 19:24:00'),
(1463, 160, '2025-03-18 09:19:36'),
(1464, 160, '2025-06-05 06:49:27'),
(1465, 160, '2025-04-05 09:27:09'),
(1466, 160, '2025-06-13 05:16:28'),
(1467, 160, '2025-03-02 02:56:11'),
(1468, 160, '2025-06-08 18:38:55'),
(1469, 160, '2025-04-16 21:26:16'),
(1470, 160, '2025-05-18 15:09:14'),
(1471, 160, '2025-04-09 17:56:18'),
(1472, 160, '2025-03-04 02:09:11'),
(1473, 160, '2025-03-28 17:17:59'),
(1474, 160, '2025-05-19 03:49:39'),
(1475, 160, '2024-12-27 12:36:05'),
(1476, 160, '2025-04-10 19:22:11'),
(1477, 160, '2025-04-22 17:38:42'),
(1478, 160, '2025-05-18 01:27:04'),
(1479, 160, '2024-12-22 00:42:34'),
(1480, 161, '2024-12-18 21:00:13'),
(1481, 161, '2024-12-25 12:58:34'),
(1482, 161, '2025-05-18 11:05:41'),
(1483, 161, '2025-05-13 04:51:09'),
(1484, 161, '2025-01-13 22:49:06'),
(1485, 161, '2024-12-22 22:37:43'),
(1486, 161, '2025-06-04 21:10:45'),
(1487, 162, '2025-04-22 03:44:04'),
(1488, 162, '2024-12-23 21:06:23'),
(1489, 162, '2025-03-26 12:26:07'),
(1490, 162, '2025-03-18 12:35:19'),
(1491, 162, '2025-04-19 22:18:42'),
(1492, 163, '2025-03-06 23:50:51'),
(1493, 163, '2025-03-26 05:54:10'),
(1494, 164, '2025-05-16 10:39:48'),
(1495, 164, '2025-04-19 09:58:46'),
(1496, 164, '2025-06-08 16:30:54'),
(1497, 164, '2025-06-15 05:03:25'),
(1498, 164, '2025-04-15 18:38:11'),
(1499, 164, '2025-04-09 22:14:17'),
(1500, 164, '2025-04-24 02:58:50'),
(1501, 164, '2025-02-20 01:18:26'),
(1502, 164, '2025-03-16 18:20:28'),
(1503, 164, '2025-01-08 05:13:37'),
(1504, 164, '2025-03-24 12:19:46'),
(1505, 165, '2025-02-18 17:12:26'),
(1506, 165, '2025-05-25 10:52:18'),
(1507, 165, '2025-05-31 17:09:41'),
(1508, 165, '2025-05-20 07:25:17'),
(1509, 165, '2025-01-24 04:39:19'),
(1510, 165, '2025-05-05 13:39:58'),
(1511, 165, '2025-03-08 05:36:23'),
(1512, 165, '2025-03-02 01:06:53'),
(1513, 165, '2025-02-19 02:44:16'),
(1514, 165, '2025-05-10 19:05:44'),
(1515, 165, '2025-02-28 02:57:06'),
(1516, 165, '2025-02-04 04:03:46'),
(1517, 165, '2024-12-22 16:34:50'),
(1518, 165, '2025-06-14 22:03:30'),
(1519, 165, '2025-05-13 04:37:01'),
(1520, 165, '2025-05-29 07:21:18'),
(1521, 165, '2025-02-15 19:15:23'),
(1522, 165, '2025-01-04 08:39:38'),
(1523, 166, '2025-02-08 10:10:45'),
(1524, 166, '2025-04-12 11:14:33'),
(1525, 166, '2025-06-07 10:53:55'),
(1526, 166, '2025-04-02 11:51:10'),
(1527, 166, '2025-05-24 14:42:13'),
(1528, 167, '2025-04-28 11:01:26'),
(1529, 167, '2025-01-31 19:57:32'),
(1530, 167, '2025-03-21 06:22:40');
INSERT INTO `Ingressi` (`id`, `id_utente`, `data_ora`) VALUES
(1531, 167, '2025-04-15 03:03:15'),
(1532, 167, '2025-04-17 06:53:59'),
(1533, 167, '2025-01-18 06:24:17'),
(1534, 167, '2025-05-14 23:57:32'),
(1535, 167, '2025-06-03 20:17:26'),
(1536, 167, '2025-02-02 02:14:51'),
(1537, 167, '2025-02-12 08:57:50'),
(1538, 167, '2025-01-06 07:06:56'),
(1539, 167, '2025-01-09 00:04:50'),
(1540, 168, '2025-03-30 08:46:06'),
(1541, 168, '2025-03-12 06:12:39'),
(1542, 168, '2025-02-04 08:16:21'),
(1543, 168, '2025-03-02 09:38:30'),
(1544, 168, '2025-02-23 01:28:33'),
(1545, 168, '2025-02-26 19:27:46'),
(1546, 168, '2025-05-19 06:36:12'),
(1547, 168, '2025-04-29 03:39:49'),
(1548, 168, '2025-02-11 08:46:08'),
(1549, 168, '2025-01-25 00:34:43'),
(1550, 168, '2025-02-07 01:32:03'),
(1551, 168, '2025-05-23 09:59:57'),
(1552, 168, '2025-01-19 22:38:51'),
(1553, 168, '2025-04-11 13:05:23'),
(1554, 168, '2025-06-06 04:02:17'),
(1555, 168, '2025-05-10 11:19:13'),
(1556, 169, '2025-05-02 11:05:28'),
(1557, 169, '2025-06-13 14:24:30'),
(1558, 170, '2025-03-07 11:52:21'),
(1559, 170, '2025-02-23 05:55:11'),
(1560, 170, '2025-03-18 06:34:37'),
(1561, 170, '2025-06-09 11:35:05'),
(1562, 170, '2025-06-16 13:30:56'),
(1563, 170, '2025-06-10 05:45:17'),
(1564, 170, '2025-02-20 17:08:27'),
(1565, 172, '2025-04-07 08:32:54'),
(1566, 172, '2025-03-01 23:59:10'),
(1567, 172, '2025-06-15 22:46:17'),
(1568, 172, '2025-02-24 03:47:19'),
(1569, 172, '2025-01-03 09:03:39'),
(1570, 172, '2025-01-08 20:37:28'),
(1571, 172, '2025-02-08 11:52:50'),
(1572, 172, '2024-12-25 18:23:03'),
(1573, 172, '2025-02-23 21:23:24'),
(1574, 172, '2025-02-02 07:00:29'),
(1575, 172, '2025-03-18 16:54:02'),
(1576, 173, '2025-05-28 23:37:50'),
(1577, 173, '2025-01-01 14:10:29'),
(1578, 173, '2025-04-02 02:01:11'),
(1579, 173, '2024-12-24 20:57:57'),
(1580, 173, '2025-04-08 17:50:33'),
(1581, 173, '2025-02-05 08:51:22'),
(1582, 173, '2025-01-03 03:27:57'),
(1583, 173, '2025-01-16 10:35:29'),
(1584, 173, '2025-03-08 11:47:35'),
(1585, 173, '2025-05-03 11:40:08'),
(1586, 173, '2025-02-22 19:20:10'),
(1587, 174, '2025-04-04 14:45:41'),
(1588, 174, '2025-02-26 08:52:50'),
(1589, 174, '2025-03-26 02:59:37'),
(1590, 174, '2024-12-24 00:58:27'),
(1591, 174, '2025-02-17 16:52:45'),
(1592, 174, '2025-01-29 21:02:09'),
(1593, 174, '2025-01-18 05:06:54'),
(1594, 174, '2025-01-11 23:08:33'),
(1595, 175, '2025-06-01 16:42:50'),
(1596, 175, '2025-04-24 01:38:35'),
(1597, 175, '2025-02-19 00:36:52'),
(1598, 175, '2025-04-01 20:31:38'),
(1599, 175, '2025-01-11 01:01:03'),
(1600, 175, '2025-05-31 14:44:11'),
(1601, 175, '2025-06-03 04:30:39'),
(1602, 175, '2025-04-16 13:54:28'),
(1603, 175, '2025-03-14 01:13:23'),
(1604, 175, '2025-03-17 09:43:03'),
(1605, 175, '2025-03-30 07:27:10'),
(1606, 175, '2025-04-30 10:56:16'),
(1607, 175, '2025-04-17 21:13:12'),
(1608, 176, '2025-03-10 08:43:12'),
(1609, 176, '2025-01-15 22:47:36'),
(1610, 176, '2025-04-13 03:20:25'),
(1611, 176, '2025-01-29 10:22:28'),
(1612, 176, '2025-05-22 15:33:52'),
(1613, 176, '2025-05-25 21:27:41'),
(1614, 176, '2025-02-15 00:44:08'),
(1615, 176, '2025-02-26 00:12:42'),
(1616, 176, '2025-04-03 02:14:07'),
(1617, 177, '2025-05-27 01:29:39'),
(1618, 177, '2025-03-26 17:49:01'),
(1619, 177, '2025-02-09 03:10:41'),
(1620, 177, '2024-12-24 01:19:46'),
(1621, 178, '2025-04-30 09:07:18'),
(1622, 178, '2025-02-25 06:14:58'),
(1623, 178, '2025-05-13 00:16:17'),
(1624, 178, '2025-03-05 05:29:07'),
(1625, 178, '2024-12-29 10:19:46'),
(1626, 178, '2025-01-20 11:13:43'),
(1627, 178, '2025-03-12 02:40:58'),
(1628, 178, '2025-01-06 15:16:54'),
(1629, 178, '2025-02-13 05:23:38'),
(1630, 178, '2025-04-08 13:55:15'),
(1631, 178, '2025-01-26 05:39:02'),
(1632, 178, '2025-03-23 18:29:25'),
(1633, 178, '2025-05-02 21:11:29'),
(1634, 180, '2025-03-01 03:46:01'),
(1635, 180, '2025-01-19 04:17:25'),
(1636, 180, '2025-05-20 10:55:47'),
(1637, 180, '2025-04-13 15:27:36'),
(1638, 180, '2025-02-18 01:39:04'),
(1639, 180, '2025-01-30 20:45:09'),
(1640, 180, '2025-04-12 14:49:52'),
(1641, 180, '2025-03-09 23:37:09'),
(1642, 180, '2025-03-13 06:44:09'),
(1643, 180, '2025-04-01 15:06:51'),
(1644, 180, '2025-05-01 14:48:34'),
(1645, 180, '2025-02-18 12:01:19'),
(1646, 180, '2025-01-05 03:46:17'),
(1647, 180, '2025-01-16 01:19:57'),
(1648, 180, '2025-03-19 03:58:18'),
(1649, 180, '2025-03-09 02:39:44'),
(1650, 180, '2025-05-25 07:24:47'),
(1651, 180, '2025-01-02 16:26:46'),
(1652, 181, '2025-01-31 14:01:17'),
(1653, 181, '2025-06-01 17:54:49'),
(1654, 181, '2025-04-30 14:32:19'),
(1655, 181, '2024-12-24 07:59:01'),
(1656, 181, '2025-02-04 07:32:10'),
(1657, 181, '2024-12-26 20:17:28'),
(1658, 181, '2025-04-12 08:43:40'),
(1659, 181, '2025-05-19 11:49:04'),
(1660, 181, '2025-06-04 23:17:46'),
(1661, 181, '2025-05-16 04:29:28'),
(1662, 181, '2025-01-11 03:29:26'),
(1663, 181, '2025-03-31 14:57:31'),
(1664, 181, '2025-01-25 20:03:59'),
(1665, 181, '2025-05-02 21:19:51'),
(1666, 181, '2025-03-09 12:46:09'),
(1667, 181, '2025-02-28 01:48:42'),
(1668, 181, '2025-03-04 16:31:16'),
(1669, 181, '2025-05-01 14:09:58'),
(1670, 182, '2024-12-27 09:51:28'),
(1671, 182, '2025-05-14 03:24:33'),
(1672, 182, '2025-01-10 02:14:46'),
(1673, 182, '2025-04-03 17:18:59'),
(1674, 182, '2025-04-09 19:50:08'),
(1675, 182, '2025-01-01 00:53:48'),
(1676, 182, '2025-01-23 16:26:53'),
(1677, 182, '2025-06-13 17:56:55'),
(1678, 182, '2025-01-10 06:49:55'),
(1679, 182, '2025-03-17 01:08:08'),
(1680, 182, '2025-02-10 11:15:26'),
(1681, 182, '2024-12-25 14:14:53'),
(1682, 182, '2025-04-28 07:35:26'),
(1683, 182, '2025-05-20 17:46:00'),
(1684, 182, '2025-05-17 01:46:32'),
(1685, 182, '2025-02-24 06:58:58'),
(1686, 182, '2025-01-02 22:06:50'),
(1687, 182, '2025-05-07 02:18:47'),
(1688, 182, '2025-01-08 20:06:28'),
(1689, 182, '2025-02-24 05:37:34'),
(1690, 183, '2025-04-10 03:54:15'),
(1691, 183, '2025-04-04 13:29:17'),
(1692, 183, '2025-04-24 13:51:04'),
(1693, 183, '2025-05-08 13:47:55'),
(1694, 183, '2025-02-21 23:05:26'),
(1695, 183, '2025-02-12 01:21:33'),
(1696, 183, '2025-03-20 04:35:01'),
(1697, 183, '2025-02-20 10:21:22'),
(1698, 183, '2025-01-19 06:29:12'),
(1699, 183, '2025-02-03 20:46:50'),
(1700, 183, '2025-06-09 12:18:03'),
(1701, 183, '2025-06-12 10:42:28'),
(1702, 184, '2025-02-01 05:11:33'),
(1703, 184, '2025-03-07 10:11:39'),
(1704, 184, '2025-04-15 19:54:47'),
(1705, 184, '2025-01-26 14:28:26'),
(1706, 184, '2024-12-29 13:45:04'),
(1707, 184, '2025-04-27 01:14:21'),
(1708, 184, '2025-04-30 12:23:52'),
(1709, 184, '2025-03-30 21:25:55'),
(1710, 184, '2025-06-06 04:18:01'),
(1711, 184, '2025-02-10 03:42:31'),
(1712, 185, '2025-05-03 10:10:19'),
(1713, 185, '2025-01-07 02:43:25'),
(1714, 185, '2025-06-15 08:08:53'),
(1715, 185, '2025-02-09 17:28:42'),
(1716, 185, '2025-04-02 14:33:50'),
(1717, 185, '2025-01-14 11:51:57'),
(1718, 185, '2025-05-21 01:52:05'),
(1719, 185, '2025-01-28 06:22:38'),
(1720, 185, '2025-04-26 23:50:51'),
(1721, 185, '2025-02-10 08:09:00'),
(1722, 185, '2025-02-09 21:06:53'),
(1723, 185, '2025-02-07 05:43:16'),
(1724, 185, '2025-01-04 15:26:37'),
(1725, 185, '2025-06-07 20:28:47'),
(1726, 185, '2025-01-30 06:29:50'),
(1727, 185, '2025-03-04 04:36:19'),
(1728, 185, '2025-01-01 10:34:22'),
(1729, 185, '2025-04-13 05:50:51'),
(1730, 185, '2025-04-04 03:11:38'),
(1731, 186, '2025-04-17 12:20:51'),
(1732, 186, '2025-03-25 04:30:25'),
(1733, 186, '2025-01-17 21:43:00'),
(1734, 186, '2024-12-28 02:51:49'),
(1735, 186, '2025-05-19 07:50:52'),
(1736, 186, '2025-05-26 06:53:33'),
(1737, 186, '2025-04-19 23:41:42'),
(1738, 186, '2025-04-26 00:33:27'),
(1739, 186, '2025-03-08 10:59:56'),
(1740, 186, '2025-02-20 17:47:03'),
(1741, 186, '2025-01-04 00:22:06'),
(1742, 186, '2025-03-20 18:13:25'),
(1743, 186, '2025-02-04 01:09:10'),
(1744, 186, '2025-05-25 20:16:47'),
(1745, 186, '2025-04-20 04:15:07'),
(1746, 186, '2025-06-02 11:41:37'),
(1747, 186, '2024-12-30 23:39:10'),
(1748, 187, '2025-02-10 22:04:08'),
(1749, 187, '2024-12-28 05:56:21'),
(1750, 187, '2025-01-10 17:03:19'),
(1751, 187, '2025-06-08 09:19:11'),
(1752, 187, '2025-02-20 06:20:41'),
(1753, 187, '2025-05-15 03:59:01'),
(1754, 187, '2025-06-02 09:57:45'),
(1755, 187, '2025-02-21 22:09:38'),
(1756, 187, '2025-01-18 22:24:20'),
(1757, 187, '2025-03-03 21:11:31'),
(1758, 187, '2025-05-24 05:10:52'),
(1759, 187, '2025-03-12 09:59:56'),
(1760, 187, '2025-02-20 04:48:51'),
(1761, 187, '2025-05-12 18:09:41'),
(1762, 187, '2025-01-18 09:57:07'),
(1763, 187, '2025-06-10 16:37:37'),
(1764, 187, '2025-03-21 10:27:24'),
(1765, 187, '2024-12-21 22:22:51'),
(1766, 188, '2025-03-22 05:56:56'),
(1767, 188, '2025-04-25 07:09:42'),
(1768, 188, '2025-01-05 03:18:09'),
(1769, 188, '2025-03-03 14:10:13'),
(1770, 188, '2025-05-31 17:49:45'),
(1771, 188, '2025-04-26 01:48:17'),
(1772, 188, '2025-02-09 01:19:34'),
(1773, 188, '2025-04-26 20:15:31'),
(1774, 189, '2025-02-19 14:00:56'),
(1775, 190, '2025-05-18 08:48:16'),
(1776, 190, '2025-03-18 08:29:54'),
(1777, 190, '2025-02-25 22:06:39'),
(1778, 190, '2025-03-06 04:38:28'),
(1779, 190, '2025-04-04 00:06:36'),
(1780, 190, '2025-03-07 09:07:10'),
(1781, 190, '2025-02-28 13:15:51'),
(1782, 190, '2025-05-19 21:56:52'),
(1783, 190, '2025-04-01 14:37:28'),
(1784, 191, '2025-05-01 19:06:14'),
(1785, 191, '2025-04-06 03:53:12'),
(1786, 191, '2025-06-16 02:45:40'),
(1787, 191, '2025-01-12 17:21:16'),
(1788, 191, '2025-01-05 13:28:20'),
(1789, 191, '2025-04-09 02:05:37'),
(1790, 191, '2025-04-10 18:58:54'),
(1791, 191, '2025-01-06 21:34:18'),
(1792, 192, '2025-03-16 05:52:14'),
(1793, 192, '2025-04-04 02:01:53'),
(1794, 192, '2025-03-16 19:26:01'),
(1795, 192, '2024-12-26 02:05:01'),
(1796, 192, '2025-02-09 03:55:46'),
(1797, 192, '2025-03-02 04:41:55'),
(1798, 192, '2025-03-20 05:17:43'),
(1799, 193, '2025-05-17 11:41:11'),
(1800, 193, '2024-12-29 22:46:44'),
(1801, 193, '2025-05-14 10:23:50'),
(1802, 193, '2025-02-25 07:29:01'),
(1803, 193, '2025-01-20 16:14:43'),
(1804, 193, '2025-01-13 11:27:57'),
(1805, 193, '2025-02-21 05:47:07'),
(1806, 193, '2025-04-06 10:58:13'),
(1807, 193, '2025-02-15 14:53:37'),
(1808, 194, '2025-04-23 14:48:07'),
(1809, 194, '2025-01-29 06:13:29'),
(1810, 194, '2025-01-01 23:15:02'),
(1811, 194, '2025-03-15 12:40:07'),
(1812, 194, '2024-12-22 05:03:26'),
(1813, 194, '2024-12-30 14:17:02'),
(1814, 194, '2025-05-11 13:56:28'),
(1815, 194, '2025-02-20 17:38:13'),
(1816, 194, '2025-06-09 10:41:53'),
(1817, 194, '2025-02-09 12:17:50'),
(1818, 196, '2025-04-10 13:14:30'),
(1819, 196, '2025-05-07 05:40:42'),
(1820, 196, '2025-01-16 23:17:15'),
(1821, 196, '2025-01-31 00:14:46'),
(1822, 196, '2025-03-28 00:26:57'),
(1823, 196, '2025-01-10 01:39:20'),
(1824, 196, '2025-03-01 04:32:44'),
(1825, 196, '2025-04-06 12:23:14'),
(1826, 196, '2025-05-16 22:56:27'),
(1827, 196, '2025-03-08 17:38:32'),
(1828, 196, '2025-04-11 03:23:43'),
(1829, 196, '2025-05-21 09:39:00'),
(1830, 196, '2025-04-14 03:30:24'),
(1831, 196, '2025-01-20 11:55:44'),
(1832, 196, '2025-01-14 02:02:38'),
(1833, 196, '2025-01-23 02:35:29'),
(1834, 196, '2025-02-12 21:39:53'),
(1835, 196, '2025-03-31 11:04:56'),
(1836, 197, '2025-01-23 11:32:31'),
(1837, 197, '2025-01-15 18:33:38'),
(1838, 197, '2025-04-16 08:20:35'),
(1839, 197, '2025-01-14 09:24:46'),
(1840, 197, '2025-06-12 10:08:42'),
(1841, 197, '2025-04-03 11:42:34'),
(1842, 197, '2025-01-28 02:19:57'),
(1843, 197, '2025-01-11 11:58:36'),
(1844, 197, '2025-01-30 11:18:08'),
(1845, 198, '2025-01-25 22:30:16'),
(1846, 198, '2025-03-31 02:43:25'),
(1847, 198, '2025-03-23 19:07:11'),
(1848, 198, '2025-01-15 12:10:12'),
(1849, 198, '2025-04-12 16:20:09'),
(1850, 198, '2025-05-08 19:40:40'),
(1851, 199, '2024-12-27 01:01:28'),
(1852, 199, '2025-04-10 14:59:31'),
(1853, 199, '2025-06-15 19:39:02'),
(1854, 199, '2024-12-24 10:40:47'),
(1855, 199, '2025-01-05 18:36:29'),
(1856, 199, '2025-03-13 15:32:12'),
(1857, 199, '2025-02-15 14:51:57'),
(1858, 199, '2025-04-23 07:50:42'),
(1859, 199, '2025-01-10 06:45:51'),
(1860, 199, '2025-06-03 10:04:23'),
(1861, 199, '2025-01-04 02:38:34'),
(1862, 199, '2025-03-22 23:48:57'),
(1863, 200, '2025-02-26 12:23:21'),
(1864, 200, '2025-03-27 09:00:08'),
(1865, 200, '2025-02-10 07:07:37'),
(1866, 200, '2025-01-11 02:22:50'),
(1867, 200, '2025-01-06 23:50:24'),
(1868, 200, '2025-01-20 13:56:48'),
(1869, 200, '2025-05-03 04:49:20'),
(1870, 200, '2025-01-31 09:58:19'),
(1871, 200, '2025-02-18 19:12:34'),
(1872, 200, '2025-03-30 10:12:46'),
(1873, 200, '2025-06-08 05:47:05'),
(1874, 200, '2024-12-25 01:31:34'),
(1875, 200, '2025-05-30 06:25:37'),
(1876, 200, '2025-03-23 07:22:19'),
(1877, 200, '2025-06-05 13:25:59'),
(1878, 202, '2025-04-24 11:11:16'),
(1879, 202, '2025-05-23 21:43:17'),
(1880, 202, '2025-04-10 16:29:09'),
(1881, 202, '2025-04-15 09:15:10'),
(1882, 202, '2025-01-13 05:35:51'),
(1883, 202, '2025-03-01 01:14:08'),
(1884, 202, '2025-02-15 20:20:08'),
(1885, 202, '2025-04-25 10:35:03'),
(1886, 202, '2025-05-07 10:39:59'),
(1887, 202, '2025-02-06 20:39:01'),
(1888, 202, '2025-05-06 18:40:47'),
(1889, 202, '2025-05-16 19:57:57'),
(1890, 202, '2025-03-27 18:26:20'),
(1891, 202, '2025-02-11 16:11:42'),
(1892, 203, '2025-02-08 11:42:09'),
(1893, 203, '2025-01-26 23:02:09'),
(1894, 203, '2025-01-27 10:56:32'),
(1895, 203, '2025-04-19 23:56:59'),
(1896, 203, '2025-05-22 04:19:07'),
(1897, 203, '2025-06-08 15:55:44'),
(1898, 203, '2025-04-11 04:32:39'),
(1899, 203, '2025-06-14 21:17:18'),
(1900, 203, '2024-12-26 02:53:06'),
(1901, 203, '2025-03-05 23:22:00'),
(1902, 203, '2025-02-19 04:42:39'),
(1903, 203, '2025-04-21 13:19:29'),
(1904, 203, '2025-01-23 07:32:21'),
(1905, 203, '2024-12-26 05:14:34'),
(1906, 203, '2025-04-26 19:24:30'),
(1907, 203, '2024-12-27 13:01:23'),
(1908, 203, '2025-04-09 09:07:16'),
(1909, 203, '2025-05-15 15:01:15'),
(1910, 204, '2025-03-06 01:51:09'),
(1911, 204, '2025-04-21 00:31:34'),
(1912, 204, '2025-05-10 02:56:58'),
(1913, 204, '2025-02-15 09:23:40'),
(1914, 204, '2025-04-26 21:45:06'),
(1915, 204, '2025-04-22 04:25:36'),
(1916, 204, '2025-04-11 16:56:27'),
(1917, 204, '2025-02-26 00:39:40'),
(1918, 204, '2025-04-27 06:20:01'),
(1919, 204, '2024-12-31 12:51:46'),
(1920, 204, '2025-06-07 17:26:11'),
(1921, 204, '2025-03-29 17:45:32'),
(1922, 204, '2025-03-11 18:03:30'),
(1923, 204, '2025-04-26 14:06:38'),
(1924, 204, '2025-05-24 06:17:26'),
(1925, 204, '2025-03-26 17:32:13'),
(1926, 204, '2025-02-07 12:42:18'),
(1927, 204, '2025-02-11 19:30:47'),
(1928, 204, '2025-01-15 23:21:21'),
(1929, 206, '2025-02-19 12:04:19'),
(1930, 206, '2025-01-17 23:48:14'),
(1931, 206, '2025-06-14 02:35:41'),
(1932, 206, '2025-05-23 01:35:20'),
(1933, 206, '2025-02-13 01:29:07'),
(1934, 206, '2025-06-13 00:10:34'),
(1935, 206, '2025-05-25 08:49:34'),
(1936, 206, '2025-05-17 01:46:29'),
(1937, 206, '2025-02-10 08:13:35'),
(1938, 206, '2025-02-12 05:37:09'),
(1939, 207, '2025-06-10 13:38:23'),
(1940, 207, '2025-06-16 09:09:53'),
(1941, 207, '2025-05-12 23:35:52'),
(1942, 207, '2025-02-10 14:59:56'),
(1943, 207, '2025-01-30 05:11:57'),
(1944, 207, '2025-03-05 02:10:24'),
(1945, 207, '2024-12-22 21:06:19'),
(1946, 207, '2025-04-22 10:07:52'),
(1947, 207, '2025-04-04 06:33:44'),
(1948, 207, '2025-02-24 22:10:03'),
(1949, 207, '2025-03-16 13:49:57'),
(1950, 208, '2025-02-28 15:10:46'),
(1951, 208, '2025-03-03 07:24:07'),
(1952, 208, '2025-04-24 16:00:37'),
(1953, 208, '2025-01-03 18:30:46'),
(1954, 208, '2025-01-17 23:07:33'),
(1955, 208, '2024-12-20 02:46:51'),
(1956, 208, '2025-05-15 14:46:15'),
(1957, 208, '2025-05-13 15:30:18'),
(1958, 208, '2025-05-18 01:22:25'),
(1959, 208, '2025-01-23 23:09:56'),
(1960, 208, '2025-05-17 08:22:37'),
(1961, 208, '2025-05-25 20:30:30'),
(1962, 208, '2025-04-05 14:42:28'),
(1963, 208, '2025-04-05 03:00:12'),
(1964, 209, '2025-04-26 09:11:08'),
(1965, 209, '2025-03-14 07:51:50'),
(1966, 209, '2025-06-06 17:46:02'),
(1967, 209, '2025-06-15 06:07:57'),
(1968, 209, '2024-12-31 17:28:29'),
(1969, 210, '2025-01-20 16:09:38'),
(1970, 211, '2025-04-07 06:31:57'),
(1971, 211, '2025-05-08 02:41:57'),
(1972, 211, '2025-05-28 00:09:08'),
(1973, 211, '2025-03-02 05:37:42'),
(1974, 211, '2024-12-22 05:51:35'),
(1975, 211, '2025-06-10 11:49:08'),
(1976, 211, '2025-05-28 12:55:33'),
(1977, 212, '2025-05-08 01:50:41'),
(1978, 212, '2025-02-01 22:29:13'),
(1979, 212, '2025-05-27 11:11:56'),
(1980, 212, '2025-06-08 02:27:10'),
(1981, 212, '2025-03-15 10:57:53'),
(1982, 212, '2025-01-07 03:07:59'),
(1983, 212, '2024-12-19 14:44:39'),
(1984, 212, '2025-03-31 16:37:04'),
(1985, 212, '2025-06-08 15:39:04'),
(1986, 212, '2024-12-24 04:06:50'),
(1987, 212, '2025-05-14 00:35:32'),
(1988, 212, '2025-02-21 22:36:43'),
(1989, 212, '2025-02-14 13:50:01'),
(1990, 212, '2025-01-12 05:16:15'),
(1991, 213, '2024-12-24 20:25:19'),
(1992, 213, '2025-03-07 06:14:47'),
(1993, 213, '2025-03-17 01:54:38'),
(1994, 213, '2025-01-22 12:35:14'),
(1995, 213, '2025-02-25 06:31:50'),
(1996, 213, '2025-03-28 04:14:09'),
(1997, 213, '2024-12-27 23:34:45'),
(1998, 213, '2025-02-16 09:41:14'),
(1999, 214, '2025-03-14 17:37:57'),
(2000, 214, '2025-01-13 21:23:56'),
(2001, 214, '2025-01-26 05:14:27'),
(2002, 214, '2025-06-03 05:29:02'),
(2003, 214, '2025-04-05 10:04:27'),
(2004, 214, '2025-02-01 08:35:02'),
(2005, 214, '2025-06-01 15:27:17'),
(2006, 214, '2025-04-11 00:19:53'),
(2007, 214, '2025-02-24 15:24:04'),
(2008, 214, '2025-03-01 01:20:57'),
(2009, 214, '2025-04-02 18:53:50'),
(2010, 214, '2025-01-18 03:29:59'),
(2011, 214, '2025-01-18 17:00:28'),
(2012, 214, '2025-03-30 20:05:34'),
(2013, 214, '2025-05-05 03:42:55'),
(2014, 214, '2025-04-27 19:30:01'),
(2015, 214, '2025-03-26 00:08:43'),
(2016, 215, '2025-02-12 17:12:27'),
(2017, 215, '2025-03-07 00:40:35'),
(2018, 215, '2025-04-25 17:23:57'),
(2019, 215, '2025-06-13 20:11:18'),
(2020, 216, '2025-01-08 06:30:17'),
(2021, 216, '2025-04-29 20:08:09'),
(2022, 216, '2025-01-24 16:52:27'),
(2023, 216, '2025-02-08 00:34:11'),
(2024, 216, '2025-01-24 11:35:35'),
(2025, 216, '2025-01-09 09:26:54'),
(2026, 216, '2025-02-15 13:27:32'),
(2027, 216, '2025-01-14 01:30:15'),
(2028, 216, '2025-03-15 17:41:21'),
(2029, 216, '2025-01-20 04:48:40'),
(2030, 216, '2024-12-25 03:03:17'),
(2031, 216, '2025-02-25 07:03:57'),
(2032, 216, '2025-03-30 03:11:49'),
(2033, 216, '2025-03-07 19:29:09'),
(2034, 216, '2025-01-01 09:56:05'),
(2035, 216, '2025-01-29 01:05:29'),
(2036, 216, '2025-03-13 18:46:42'),
(2037, 216, '2025-02-14 20:46:22'),
(2038, 216, '2025-02-24 18:39:28'),
(2039, 217, '2025-03-05 17:29:21'),
(2040, 217, '2025-05-07 02:50:23'),
(2041, 218, '2025-03-26 14:50:02'),
(2042, 218, '2025-02-16 08:04:47'),
(2043, 219, '2025-06-03 21:33:14'),
(2044, 219, '2025-04-16 05:02:59'),
(2045, 219, '2025-04-13 22:20:21'),
(2046, 219, '2025-02-17 02:06:05'),
(2047, 219, '2025-04-18 17:30:38'),
(2048, 219, '2025-02-15 07:49:57'),
(2049, 219, '2025-02-25 17:00:32'),
(2050, 219, '2025-06-15 03:06:39'),
(2051, 219, '2025-02-28 22:12:41'),
(2052, 219, '2025-05-21 02:17:30'),
(2053, 219, '2025-03-21 20:00:26'),
(2054, 219, '2025-04-28 04:25:58'),
(2055, 219, '2025-06-08 08:58:48'),
(2056, 220, '2025-01-17 09:31:04'),
(2057, 220, '2025-06-02 22:48:56'),
(2058, 220, '2025-02-12 14:03:33'),
(2059, 220, '2024-12-18 23:47:51'),
(2060, 220, '2025-02-03 09:10:33'),
(2061, 220, '2025-03-08 07:06:07'),
(2062, 220, '2025-01-07 19:16:17'),
(2063, 220, '2025-05-21 16:06:15'),
(2064, 220, '2025-01-31 06:36:38'),
(2065, 220, '2025-02-21 23:56:26'),
(2066, 220, '2024-12-28 18:14:26'),
(2067, 220, '2025-02-24 19:51:29'),
(2068, 220, '2025-02-16 22:13:21'),
(2069, 220, '2024-12-29 17:33:06'),
(2070, 222, '2025-04-30 21:08:15'),
(2071, 222, '2024-12-24 13:22:46'),
(2072, 222, '2025-02-01 15:31:20'),
(2073, 222, '2025-04-10 04:39:40'),
(2074, 222, '2025-04-29 13:35:10'),
(2075, 222, '2025-05-04 03:38:37'),
(2076, 222, '2025-05-21 13:29:36'),
(2077, 222, '2025-02-20 05:04:29'),
(2078, 222, '2025-02-11 05:04:38'),
(2079, 222, '2025-04-21 22:24:49'),
(2080, 222, '2025-02-11 21:11:32'),
(2081, 222, '2025-04-12 06:37:49'),
(2082, 223, '2025-01-25 08:48:17'),
(2083, 224, '2025-04-10 04:18:53'),
(2084, 224, '2025-02-07 15:23:53'),
(2085, 224, '2025-02-02 05:23:42'),
(2086, 224, '2025-04-14 16:33:48'),
(2087, 224, '2025-02-26 10:15:22'),
(2088, 224, '2025-05-08 04:55:43'),
(2089, 224, '2025-01-04 14:32:01'),
(2090, 224, '2025-03-15 01:53:41'),
(2091, 224, '2024-12-24 23:03:22'),
(2092, 224, '2024-12-24 03:52:43'),
(2093, 224, '2025-05-06 00:49:10'),
(2094, 224, '2025-02-24 05:16:19'),
(2095, 224, '2025-01-28 04:32:26'),
(2096, 224, '2025-02-12 04:11:14'),
(2097, 224, '2025-06-15 20:02:25'),
(2098, 224, '2025-05-05 20:41:11'),
(2099, 224, '2025-01-21 17:27:53'),
(2100, 224, '2025-04-29 09:27:20'),
(2101, 225, '2025-03-18 06:43:05'),
(2102, 225, '2025-01-18 20:14:07'),
(2103, 225, '2025-02-13 01:58:02'),
(2104, 225, '2025-04-11 23:07:26'),
(2105, 225, '2025-01-18 18:11:04'),
(2106, 225, '2025-01-15 17:00:00'),
(2107, 225, '2025-02-11 12:56:42'),
(2108, 225, '2025-03-15 15:25:48'),
(2109, 225, '2024-12-20 21:47:32'),
(2110, 225, '2025-06-01 17:54:33'),
(2111, 226, '2025-02-20 16:59:01'),
(2112, 226, '2025-03-02 19:37:42'),
(2113, 226, '2025-01-18 00:45:37'),
(2114, 226, '2025-03-27 14:45:06'),
(2115, 226, '2025-01-14 23:58:17'),
(2116, 226, '2025-01-01 00:48:39'),
(2117, 226, '2025-04-22 21:51:55'),
(2118, 226, '2025-04-08 05:51:05'),
(2119, 226, '2025-04-25 21:59:31'),
(2120, 226, '2025-04-02 23:41:07'),
(2121, 226, '2025-01-06 10:04:54'),
(2122, 226, '2024-12-23 19:14:05'),
(2123, 226, '2025-03-13 12:02:26'),
(2124, 226, '2025-04-19 20:09:55'),
(2125, 227, '2025-06-05 19:55:44'),
(2126, 227, '2025-04-06 18:40:34'),
(2127, 227, '2025-06-14 10:11:04'),
(2128, 227, '2025-02-16 17:25:00'),
(2129, 227, '2025-01-09 06:42:17'),
(2130, 227, '2025-02-14 12:02:51'),
(2131, 227, '2025-01-21 03:53:00'),
(2132, 227, '2025-03-09 23:37:54'),
(2133, 227, '2025-01-29 08:35:49'),
(2134, 227, '2024-12-23 07:15:05'),
(2135, 227, '2025-06-07 06:36:57'),
(2136, 227, '2025-01-24 02:46:15'),
(2137, 227, '2025-01-18 04:01:45'),
(2138, 227, '2025-05-11 04:36:56'),
(2139, 227, '2025-05-14 11:21:55'),
(2140, 228, '2025-04-12 03:58:47'),
(2141, 228, '2025-01-02 17:41:10'),
(2142, 228, '2025-06-13 23:03:13'),
(2143, 228, '2024-12-19 08:36:45'),
(2144, 228, '2025-03-04 08:47:20'),
(2145, 228, '2025-01-01 10:35:23'),
(2146, 228, '2025-03-28 04:45:30'),
(2147, 228, '2025-01-22 05:11:12'),
(2148, 228, '2025-06-14 10:08:18'),
(2149, 228, '2025-03-02 02:53:18'),
(2150, 228, '2025-05-29 05:17:34'),
(2151, 228, '2025-01-13 10:01:53'),
(2152, 228, '2025-04-26 16:33:19'),
(2153, 228, '2025-01-02 15:15:42'),
(2154, 229, '2025-02-24 02:27:49'),
(2155, 229, '2025-01-22 11:32:06'),
(2156, 229, '2025-03-03 16:37:11'),
(2157, 229, '2025-02-22 06:42:26'),
(2158, 229, '2025-02-05 08:34:05'),
(2159, 229, '2025-05-20 03:14:42'),
(2160, 229, '2025-05-08 06:44:39'),
(2161, 229, '2025-03-25 00:16:05'),
(2162, 229, '2024-12-19 23:33:58'),
(2163, 229, '2024-12-27 08:35:34'),
(2164, 230, '2025-05-10 12:47:52'),
(2165, 230, '2025-04-25 20:49:47'),
(2166, 230, '2024-12-30 04:31:41'),
(2167, 230, '2025-04-02 20:52:53'),
(2168, 231, '2025-05-25 12:49:49'),
(2169, 231, '2025-05-03 05:16:06'),
(2170, 231, '2025-03-01 21:13:25'),
(2171, 231, '2025-06-05 07:49:15'),
(2172, 231, '2025-01-22 15:00:06'),
(2173, 231, '2025-01-15 17:43:45'),
(2174, 231, '2025-05-26 07:59:25'),
(2175, 231, '2025-05-24 06:48:26'),
(2176, 231, '2025-02-14 13:47:14'),
(2177, 231, '2025-01-11 18:40:48'),
(2178, 231, '2025-05-14 14:31:38'),
(2179, 231, '2024-12-28 20:56:23'),
(2180, 231, '2025-04-29 00:43:08'),
(2181, 231, '2025-05-25 16:46:13'),
(2182, 231, '2025-01-02 16:38:47'),
(2183, 231, '2025-02-27 14:16:22'),
(2184, 232, '2025-04-03 03:27:32'),
(2185, 232, '2025-02-25 07:59:14'),
(2186, 232, '2025-01-29 00:05:50'),
(2187, 232, '2025-06-01 06:53:30'),
(2188, 232, '2025-01-21 06:00:39'),
(2189, 232, '2025-02-24 10:09:17'),
(2190, 232, '2025-06-15 21:27:03'),
(2191, 232, '2025-02-23 20:31:15'),
(2192, 232, '2025-06-06 08:44:04'),
(2193, 232, '2025-02-14 08:25:55'),
(2194, 232, '2025-02-23 03:23:59'),
(2195, 232, '2025-06-08 10:19:51'),
(2196, 232, '2025-04-14 01:04:37'),
(2197, 232, '2025-03-31 17:26:21'),
(2198, 232, '2025-04-10 05:44:24'),
(2199, 232, '2024-12-27 11:03:57'),
(2200, 232, '2024-12-29 16:57:36'),
(2201, 233, '2025-04-10 23:42:13'),
(2202, 233, '2025-02-18 16:31:29'),
(2203, 233, '2025-06-11 18:47:10'),
(2204, 233, '2025-01-11 22:47:48'),
(2205, 233, '2024-12-29 22:25:19'),
(2206, 233, '2025-01-01 03:00:01'),
(2207, 233, '2025-02-20 22:58:33'),
(2208, 233, '2025-03-16 00:04:57'),
(2209, 233, '2025-06-04 09:51:16'),
(2210, 234, '2025-03-24 01:01:06'),
(2211, 234, '2025-04-04 03:28:07'),
(2212, 234, '2025-06-10 16:14:38'),
(2213, 234, '2025-03-13 22:57:31'),
(2214, 234, '2025-06-13 04:15:37'),
(2215, 234, '2025-02-24 02:29:25'),
(2216, 234, '2025-06-09 19:16:00'),
(2217, 234, '2025-06-04 23:57:02'),
(2218, 234, '2025-05-13 09:47:07'),
(2219, 234, '2025-04-20 06:42:12'),
(2220, 234, '2025-01-14 13:13:17'),
(2221, 235, '2025-03-15 14:17:26'),
(2222, 235, '2025-02-16 16:30:40'),
(2223, 235, '2025-03-04 21:41:40'),
(2224, 235, '2025-03-05 22:40:44'),
(2225, 235, '2025-05-27 09:41:58'),
(2226, 235, '2025-04-19 03:25:11'),
(2227, 235, '2025-03-13 19:45:30'),
(2228, 235, '2025-03-17 08:16:36'),
(2229, 235, '2024-12-24 13:42:56'),
(2230, 235, '2025-04-17 01:44:10'),
(2231, 235, '2025-05-18 09:38:44'),
(2232, 235, '2025-02-16 07:51:11'),
(2233, 235, '2025-03-30 18:16:24'),
(2234, 235, '2025-04-16 16:58:59'),
(2235, 235, '2025-01-29 07:03:50'),
(2236, 235, '2025-02-19 03:30:32'),
(2237, 235, '2025-02-19 10:44:21'),
(2238, 235, '2025-03-12 23:35:09'),
(2239, 235, '2025-05-25 06:25:32'),
(2240, 235, '2025-02-21 17:00:20'),
(2241, 236, '2025-05-03 18:52:22'),
(2242, 236, '2025-03-10 14:26:24'),
(2243, 236, '2025-01-02 17:09:48'),
(2244, 236, '2025-02-28 09:51:28'),
(2245, 236, '2025-06-15 17:33:59'),
(2246, 236, '2025-02-22 20:45:27'),
(2247, 236, '2025-05-31 17:41:37'),
(2248, 236, '2024-12-27 12:58:35'),
(2249, 236, '2025-03-08 18:35:09'),
(2250, 237, '2025-03-15 10:12:09'),
(2251, 237, '2025-02-22 00:32:30'),
(2252, 237, '2025-06-06 20:43:52'),
(2253, 237, '2025-01-30 05:33:01'),
(2254, 237, '2025-02-24 07:44:46'),
(2255, 237, '2025-06-15 22:48:51'),
(2256, 237, '2025-02-18 23:13:32'),
(2257, 237, '2025-06-14 10:54:04'),
(2258, 238, '2025-02-01 16:13:20'),
(2259, 238, '2025-02-07 18:00:40'),
(2260, 238, '2024-12-23 04:23:01'),
(2261, 238, '2025-04-13 18:36:13'),
(2262, 238, '2025-04-12 17:48:28'),
(2263, 238, '2025-01-03 17:59:43'),
(2264, 238, '2025-03-15 10:52:24'),
(2265, 238, '2024-12-29 00:19:56'),
(2266, 238, '2024-12-23 07:04:39'),
(2267, 240, '2025-06-10 18:18:30'),
(2268, 240, '2025-01-30 20:45:27'),
(2269, 240, '2025-04-25 12:42:56'),
(2270, 240, '2025-02-27 03:16:56'),
(2271, 240, '2025-04-05 00:35:19'),
(2272, 240, '2025-04-28 10:51:02'),
(2273, 240, '2025-06-02 03:08:06'),
(2274, 240, '2025-04-01 19:30:14'),
(2275, 240, '2025-01-04 08:25:48'),
(2276, 240, '2025-01-16 07:02:07'),
(2277, 240, '2025-01-07 22:50:26'),
(2278, 240, '2025-06-08 03:45:54'),
(2279, 241, '2025-05-09 02:20:56'),
(2280, 241, '2025-02-10 20:12:52'),
(2281, 241, '2025-02-18 22:08:12'),
(2282, 241, '2025-04-19 00:38:31'),
(2283, 241, '2025-06-14 08:33:16'),
(2284, 241, '2025-04-12 15:49:01'),
(2285, 242, '2025-05-12 07:00:18'),
(2286, 242, '2025-02-20 14:45:44'),
(2287, 242, '2025-05-06 09:31:29'),
(2288, 242, '2025-01-20 07:23:17'),
(2289, 242, '2025-05-26 02:43:45'),
(2290, 242, '2025-05-04 15:07:04'),
(2291, 242, '2025-01-26 01:51:50'),
(2292, 242, '2025-04-01 03:33:26'),
(2293, 242, '2025-06-11 02:22:12'),
(2294, 242, '2025-01-09 09:52:36'),
(2295, 242, '2024-12-19 03:14:02'),
(2296, 242, '2025-06-02 18:29:52'),
(2297, 242, '2025-02-02 07:09:22'),
(2298, 242, '2025-01-26 21:10:22'),
(2299, 242, '2025-05-28 23:58:42'),
(2300, 242, '2025-02-14 16:31:46'),
(2301, 243, '2025-02-07 20:07:20'),
(2302, 243, '2025-04-14 09:34:57'),
(2303, 243, '2025-01-03 13:25:05'),
(2304, 243, '2025-01-30 07:42:28'),
(2305, 243, '2025-01-08 03:25:34'),
(2306, 243, '2025-05-01 03:52:15'),
(2307, 244, '2025-01-29 01:19:50'),
(2308, 244, '2025-02-19 00:46:35'),
(2309, 244, '2025-03-21 19:45:04'),
(2310, 244, '2025-05-20 13:16:12'),
(2311, 244, '2024-12-24 06:49:13'),
(2312, 244, '2025-03-06 02:37:37'),
(2313, 244, '2025-04-14 04:33:28'),
(2314, 244, '2025-02-23 02:08:20'),
(2315, 244, '2025-01-09 16:07:07'),
(2316, 244, '2025-01-27 01:32:27'),
(2317, 244, '2024-12-19 17:31:28'),
(2318, 244, '2025-01-07 01:34:18'),
(2319, 244, '2025-05-13 01:53:06'),
(2320, 245, '2025-03-10 12:34:01'),
(2321, 245, '2024-12-18 16:15:05'),
(2322, 245, '2025-01-27 15:36:45'),
(2323, 245, '2024-12-31 18:49:56'),
(2324, 245, '2025-03-21 06:40:01'),
(2325, 245, '2025-01-16 12:29:43'),
(2326, 245, '2025-05-11 08:38:23'),
(2327, 245, '2025-02-15 08:55:03'),
(2328, 246, '2025-01-17 04:47:46'),
(2329, 246, '2025-01-09 07:04:22'),
(2330, 246, '2025-01-25 12:49:28'),
(2331, 246, '2025-01-05 00:14:22'),
(2332, 246, '2025-03-21 11:01:28'),
(2333, 246, '2025-05-24 04:31:07'),
(2334, 246, '2025-05-14 10:59:10'),
(2335, 246, '2024-12-23 00:48:19'),
(2336, 247, '2025-02-01 14:24:23'),
(2337, 247, '2025-01-14 12:25:38'),
(2338, 247, '2025-05-12 07:14:15'),
(2339, 247, '2025-04-12 18:29:43'),
(2340, 247, '2025-01-30 23:02:22'),
(2341, 247, '2025-04-10 14:05:29'),
(2342, 247, '2024-12-22 13:05:24'),
(2343, 247, '2025-01-12 23:01:29'),
(2344, 247, '2025-06-11 06:33:24'),
(2345, 247, '2025-03-15 16:50:15'),
(2346, 248, '2025-06-05 01:24:58'),
(2347, 248, '2025-01-20 20:22:25'),
(2348, 248, '2024-12-29 03:45:36'),
(2349, 248, '2025-02-17 22:47:44'),
(2350, 248, '2025-06-04 19:14:14'),
(2351, 248, '2025-05-22 22:20:15'),
(2352, 249, '2025-02-23 21:20:18'),
(2353, 249, '2025-04-07 07:58:50'),
(2354, 249, '2025-01-19 08:34:37'),
(2355, 249, '2025-02-28 02:12:35'),
(2356, 249, '2025-02-14 09:01:31'),
(2357, 249, '2025-03-26 12:01:35'),
(2358, 249, '2025-04-09 06:57:19'),
(2359, 249, '2025-04-10 16:40:58'),
(2360, 249, '2025-03-26 04:09:55'),
(2361, 249, '2025-06-02 17:55:42'),
(2362, 249, '2025-05-01 07:18:45'),
(2363, 249, '2025-04-17 23:55:37'),
(2364, 249, '2025-02-10 13:14:56'),
(2365, 249, '2025-02-23 03:45:41'),
(2366, 249, '2025-01-02 07:09:56'),
(2367, 249, '2025-05-19 18:04:48'),
(2368, 249, '2025-01-30 09:08:52'),
(2369, 249, '2025-05-24 05:18:39'),
(2370, 249, '2025-04-14 00:51:58'),
(2371, 250, '2025-03-25 06:39:50'),
(2372, 250, '2024-12-19 04:43:09'),
(2373, 250, '2025-03-22 06:51:46'),
(2374, 250, '2025-03-29 05:00:25'),
(2375, 250, '2024-12-24 06:31:15'),
(2376, 250, '2025-03-21 14:07:40'),
(2377, 250, '2025-05-17 04:49:25'),
(2378, 250, '2025-03-21 07:30:26'),
(2379, 250, '2025-02-05 03:14:13'),
(2380, 250, '2025-05-25 19:25:06'),
(2381, 250, '2024-12-30 06:02:46'),
(2382, 250, '2025-06-07 13:56:35'),
(2383, 250, '2025-04-26 13:36:35'),
(2384, 250, '2024-12-31 20:51:30'),
(2385, 250, '2025-02-26 05:31:33'),
(2386, 250, '2025-01-02 07:49:21'),
(2387, 250, '2025-01-05 14:37:40'),
(2388, 250, '2025-04-08 09:22:51'),
(2389, 250, '2025-04-20 16:03:07'),
(2390, 250, '2025-02-03 23:44:04'),
(2391, 251, '2025-01-20 19:26:46'),
(2392, 251, '2025-04-10 21:12:45'),
(2393, 252, '2025-03-17 11:30:56'),
(2394, 252, '2025-03-11 12:06:08'),
(2395, 252, '2025-02-27 10:17:54'),
(2396, 252, '2025-06-10 05:02:37'),
(2397, 252, '2025-04-24 00:28:56'),
(2398, 252, '2025-04-09 21:39:35'),
(2399, 252, '2025-03-14 11:17:34'),
(2400, 252, '2025-03-03 20:41:49'),
(2401, 252, '2025-01-04 14:22:19'),
(2402, 252, '2025-04-30 09:31:04'),
(2403, 252, '2025-04-21 09:27:30'),
(2404, 252, '2025-02-25 18:08:05'),
(2405, 253, '2025-04-18 16:19:46'),
(2406, 253, '2025-01-17 18:32:28'),
(2407, 253, '2025-05-17 06:34:07'),
(2408, 253, '2025-01-24 18:24:44'),
(2409, 253, '2025-03-04 22:58:28'),
(2410, 253, '2025-06-12 07:13:50'),
(2411, 254, '2025-02-28 06:49:34'),
(2412, 254, '2025-01-28 22:32:43'),
(2413, 254, '2025-02-22 14:41:15'),
(2414, 254, '2025-04-14 20:29:16'),
(2415, 254, '2024-12-28 02:01:06'),
(2416, 254, '2025-02-23 15:04:27'),
(2417, 254, '2025-01-08 18:55:34'),
(2418, 254, '2025-05-14 03:59:49'),
(2419, 254, '2025-03-12 11:49:31'),
(2420, 254, '2025-03-23 10:05:00'),
(2421, 254, '2025-02-04 21:28:43'),
(2422, 254, '2024-12-30 18:14:50'),
(2423, 254, '2025-01-22 15:30:05'),
(2424, 254, '2025-02-23 20:29:33'),
(2425, 254, '2025-05-19 17:42:41'),
(2426, 254, '2025-04-04 14:22:15'),
(2427, 254, '2025-02-21 03:45:08'),
(2428, 254, '2025-01-26 20:21:41'),
(2429, 254, '2025-06-11 22:37:09'),
(2430, 254, '2025-04-15 15:16:13'),
(2431, 255, '2025-03-23 14:28:28'),
(2432, 255, '2025-02-12 00:54:56'),
(2433, 255, '2025-06-06 12:59:38'),
(2434, 255, '2025-04-09 23:22:38'),
(2435, 255, '2025-04-17 13:08:14'),
(2436, 255, '2025-05-20 03:13:12'),
(2437, 255, '2025-01-19 20:38:04'),
(2438, 255, '2025-01-23 00:25:35'),
(2439, 255, '2025-05-13 12:01:50'),
(2440, 255, '2025-05-11 15:48:53'),
(2441, 255, '2025-03-21 03:56:20'),
(2442, 256, '2025-02-11 02:59:15'),
(2443, 256, '2025-01-17 13:20:15'),
(2444, 256, '2025-04-20 14:33:37'),
(2445, 256, '2025-02-02 00:33:05'),
(2446, 256, '2025-03-09 04:33:40'),
(2447, 256, '2025-04-19 18:37:27'),
(2448, 256, '2025-02-21 02:31:10'),
(2449, 256, '2025-02-08 00:18:49'),
(2450, 256, '2025-04-06 09:11:14'),
(2451, 256, '2025-05-31 14:25:37'),
(2452, 256, '2025-01-18 03:23:39'),
(2453, 256, '2025-03-09 20:47:03'),
(2454, 256, '2025-01-17 08:56:06'),
(2455, 256, '2025-02-19 08:27:14'),
(2456, 256, '2025-06-05 22:03:39'),
(2457, 256, '2025-01-06 15:17:02'),
(2458, 257, '2024-12-20 17:16:11'),
(2459, 257, '2025-03-09 00:50:07'),
(2460, 257, '2025-02-28 01:06:51'),
(2461, 257, '2024-12-30 15:56:39'),
(2462, 257, '2025-02-07 09:29:05'),
(2463, 257, '2025-01-30 21:49:21'),
(2464, 257, '2025-04-29 21:15:44'),
(2465, 257, '2025-02-12 10:32:59'),
(2466, 257, '2025-01-26 09:37:51'),
(2467, 257, '2025-01-08 08:32:59'),
(2468, 257, '2025-01-19 13:07:26'),
(2469, 257, '2025-01-14 05:18:57'),
(2470, 257, '2024-12-28 18:24:25'),
(2471, 257, '2025-05-07 16:46:50'),
(2472, 257, '2025-04-17 15:05:40'),
(2473, 258, '2025-01-07 12:48:47'),
(2474, 258, '2025-02-08 05:23:37'),
(2475, 258, '2025-03-16 06:45:25'),
(2476, 258, '2025-01-31 14:45:50'),
(2477, 258, '2025-04-12 21:51:24'),
(2478, 258, '2025-05-09 20:11:21'),
(2479, 258, '2025-03-15 06:49:38'),
(2480, 258, '2025-04-29 22:25:04'),
(2481, 258, '2025-03-19 16:17:26'),
(2482, 258, '2025-03-08 19:50:33'),
(2483, 258, '2025-04-06 16:05:45'),
(2484, 258, '2025-01-14 00:57:55'),
(2485, 258, '2025-05-06 04:01:11'),
(2486, 259, '2025-04-09 23:56:45'),
(2487, 259, '2025-01-31 08:25:06'),
(2488, 260, '2025-02-24 19:06:06'),
(2489, 260, '2025-05-02 10:44:59'),
(2490, 260, '2025-05-26 17:18:32'),
(2491, 260, '2025-01-18 00:36:40'),
(2492, 260, '2025-01-23 08:23:46'),
(2493, 260, '2025-01-25 05:14:54'),
(2494, 260, '2025-02-21 09:55:08'),
(2495, 260, '2025-06-14 02:34:00'),
(2496, 260, '2025-02-11 03:44:51'),
(2497, 260, '2025-01-27 02:37:31'),
(2498, 260, '2025-01-04 05:58:48'),
(2499, 260, '2025-01-18 18:39:00'),
(2500, 261, '2025-02-18 09:39:34'),
(2501, 261, '2025-02-07 03:10:54'),
(2502, 261, '2025-05-28 02:27:14'),
(2503, 261, '2025-03-21 23:32:22'),
(2504, 262, '2025-02-16 06:54:24'),
(2505, 262, '2025-05-19 22:30:18'),
(2506, 262, '2025-04-12 10:14:46'),
(2507, 263, '2025-01-09 10:21:28'),
(2508, 263, '2025-02-25 07:03:43'),
(2509, 263, '2025-05-20 11:51:19'),
(2510, 263, '2025-02-04 01:01:45'),
(2511, 263, '2025-06-10 01:34:53'),
(2512, 263, '2025-05-11 11:37:15'),
(2513, 263, '2025-05-18 13:44:52'),
(2514, 263, '2025-05-06 07:12:14'),
(2515, 263, '2025-06-07 06:12:31'),
(2516, 263, '2025-03-19 07:46:23'),
(2517, 263, '2025-03-17 17:09:04'),
(2518, 263, '2025-05-14 03:54:41'),
(2519, 264, '2025-04-10 12:36:15'),
(2520, 264, '2025-05-22 23:15:34'),
(2521, 266, '2025-06-05 06:23:12'),
(2522, 266, '2025-03-08 16:18:36'),
(2523, 266, '2025-01-25 05:03:02'),
(2524, 266, '2025-02-03 11:36:13'),
(2525, 267, '2025-05-23 01:34:04'),
(2526, 268, '2025-05-25 21:52:39'),
(2527, 268, '2025-01-29 20:42:25'),
(2528, 268, '2025-05-24 12:05:48'),
(2529, 268, '2025-04-05 08:54:36'),
(2530, 268, '2025-04-15 20:11:08'),
(2531, 268, '2025-06-06 06:01:23'),
(2532, 268, '2025-01-04 23:25:27'),
(2533, 268, '2025-02-06 21:36:45'),
(2534, 268, '2025-03-27 12:25:12'),
(2535, 268, '2025-02-07 22:27:58'),
(2536, 268, '2025-02-23 00:57:22'),
(2537, 268, '2024-12-18 19:18:17'),
(2538, 268, '2025-01-21 15:25:56'),
(2539, 268, '2025-05-31 10:03:34'),
(2540, 268, '2025-06-05 20:15:41'),
(2541, 268, '2025-01-02 13:08:56'),
(2542, 268, '2025-06-02 20:22:22'),
(2543, 268, '2025-02-28 07:38:01'),
(2544, 268, '2025-05-11 10:20:05'),
(2545, 268, '2025-02-04 10:29:04'),
(2546, 269, '2025-04-09 10:20:57'),
(2547, 269, '2025-06-13 20:16:27'),
(2548, 269, '2025-03-13 16:31:18'),
(2549, 269, '2025-02-25 19:50:45'),
(2550, 269, '2025-04-21 03:59:49'),
(2551, 269, '2025-05-07 18:19:15'),
(2552, 269, '2025-04-06 13:39:04'),
(2553, 269, '2025-04-17 06:24:38'),
(2554, 269, '2025-04-30 00:45:03'),
(2555, 269, '2025-05-30 04:01:33'),
(2556, 269, '2025-04-02 08:07:47'),
(2557, 269, '2025-04-22 04:17:01'),
(2558, 269, '2025-06-06 14:51:17'),
(2559, 269, '2025-05-20 02:12:13'),
(2560, 269, '2025-03-29 13:44:14'),
(2561, 269, '2025-06-08 09:04:48'),
(2562, 269, '2025-02-27 05:56:09'),
(2563, 270, '2025-04-06 16:04:43'),
(2564, 270, '2025-05-13 05:06:45'),
(2565, 271, '2025-05-15 09:22:25'),
(2566, 271, '2025-03-13 20:43:07'),
(2567, 271, '2025-02-09 22:57:06'),
(2568, 271, '2025-05-04 00:08:52'),
(2569, 271, '2025-04-02 03:44:21'),
(2570, 271, '2025-01-21 08:14:17'),
(2571, 271, '2025-05-21 00:18:24'),
(2572, 271, '2025-03-15 16:12:18'),
(2573, 272, '2025-03-02 09:06:02'),
(2574, 272, '2025-04-06 06:44:43'),
(2575, 273, '2024-12-22 19:27:48'),
(2576, 273, '2025-06-09 17:53:36'),
(2577, 273, '2025-01-08 04:44:37'),
(2578, 273, '2025-02-19 04:39:19'),
(2579, 275, '2025-02-18 18:18:06'),
(2580, 275, '2025-02-22 23:00:33'),
(2581, 275, '2025-02-04 13:24:57'),
(2582, 275, '2025-02-09 15:49:41'),
(2583, 275, '2025-03-25 01:23:21'),
(2584, 275, '2025-01-15 18:51:50'),
(2585, 275, '2025-05-10 20:57:57'),
(2586, 275, '2024-12-31 15:36:32'),
(2587, 275, '2025-04-14 23:34:28'),
(2588, 275, '2025-01-21 22:44:15'),
(2589, 275, '2025-06-10 01:27:21'),
(2590, 275, '2025-05-29 09:36:07'),
(2591, 275, '2025-04-09 04:50:17'),
(2592, 275, '2025-06-15 02:56:52'),
(2593, 275, '2025-03-30 17:48:43'),
(2594, 275, '2025-01-21 21:59:50'),
(2595, 275, '2025-01-28 19:02:41'),
(2596, 275, '2025-04-15 10:37:42'),
(2597, 275, '2025-01-30 09:36:32'),
(2598, 275, '2025-05-10 20:10:50'),
(2599, 276, '2025-05-22 15:58:11'),
(2600, 276, '2025-01-21 08:21:33'),
(2601, 276, '2025-03-15 11:39:57'),
(2602, 277, '2025-01-23 11:40:39'),
(2603, 277, '2025-04-25 05:01:09'),
(2604, 277, '2025-04-30 07:31:53'),
(2605, 277, '2025-03-06 06:15:48'),
(2606, 277, '2025-01-20 10:00:23'),
(2607, 277, '2025-04-28 12:50:11'),
(2608, 277, '2025-04-21 05:31:03'),
(2609, 277, '2025-05-05 11:09:57'),
(2610, 277, '2025-04-03 06:18:06'),
(2611, 277, '2025-04-07 07:23:53'),
(2612, 277, '2025-02-17 18:26:33'),
(2613, 277, '2025-02-19 14:54:09'),
(2614, 277, '2025-02-03 04:24:11'),
(2615, 277, '2025-03-29 22:09:01'),
(2616, 277, '2025-05-06 05:11:47'),
(2617, 277, '2025-04-02 05:07:47'),
(2618, 277, '2024-12-20 16:23:14'),
(2619, 277, '2025-02-14 10:13:46'),
(2620, 278, '2025-05-29 03:08:19'),
(2621, 278, '2025-03-10 20:23:21'),
(2622, 278, '2025-03-18 15:29:50'),
(2623, 278, '2025-03-29 10:35:11'),
(2624, 279, '2025-03-03 11:27:49'),
(2625, 279, '2025-01-19 22:41:31'),
(2626, 280, '2025-05-10 15:49:01'),
(2627, 280, '2025-01-05 12:46:18'),
(2628, 280, '2025-03-05 18:50:33'),
(2629, 280, '2025-01-31 04:50:52'),
(2630, 280, '2025-05-06 19:38:39'),
(2631, 280, '2024-12-18 18:01:44'),
(2632, 280, '2025-05-10 16:06:18'),
(2633, 280, '2025-04-09 16:48:39'),
(2634, 280, '2025-02-07 15:23:42'),
(2635, 280, '2025-04-21 14:52:17'),
(2636, 280, '2025-01-10 00:44:35'),
(2637, 280, '2025-01-07 03:28:26'),
(2638, 280, '2025-03-16 23:44:37'),
(2639, 280, '2025-01-07 22:15:27'),
(2640, 280, '2024-12-20 04:14:55'),
(2641, 281, '2025-06-15 23:53:58'),
(2642, 281, '2025-04-01 08:01:55'),
(2643, 281, '2025-03-20 05:52:41'),
(2644, 281, '2025-02-13 14:47:00'),
(2645, 281, '2025-05-16 02:47:05'),
(2646, 281, '2025-06-07 09:03:37'),
(2647, 281, '2025-03-06 12:47:12'),
(2648, 282, '2025-02-20 16:56:40'),
(2649, 282, '2025-05-17 17:31:17'),
(2650, 282, '2024-12-21 02:14:19'),
(2651, 282, '2025-03-04 09:56:01'),
(2652, 282, '2024-12-21 20:35:19'),
(2653, 282, '2025-05-05 09:16:37'),
(2654, 282, '2025-02-13 19:57:38'),
(2655, 282, '2025-06-11 16:39:08'),
(2656, 282, '2024-12-21 03:57:02'),
(2657, 282, '2025-01-11 15:29:42'),
(2658, 282, '2025-02-13 08:44:05'),
(2659, 282, '2025-02-11 19:26:07'),
(2660, 282, '2025-05-10 22:59:23'),
(2661, 282, '2025-05-21 09:21:05'),
(2662, 282, '2025-04-09 23:38:06'),
(2663, 282, '2025-06-11 15:52:02'),
(2664, 282, '2024-12-23 11:49:03'),
(2665, 282, '2025-05-05 22:09:33'),
(2666, 282, '2024-12-21 01:39:37'),
(2667, 283, '2025-05-22 12:15:16'),
(2668, 283, '2025-05-15 01:26:09'),
(2669, 283, '2025-06-05 11:16:30'),
(2670, 283, '2025-05-08 13:55:06'),
(2671, 283, '2025-06-15 22:39:46'),
(2672, 283, '2025-02-20 02:09:20'),
(2673, 283, '2025-05-14 23:18:51'),
(2674, 283, '2025-01-31 16:41:59'),
(2675, 283, '2025-06-06 05:36:28'),
(2676, 283, '2024-12-20 16:06:25'),
(2677, 283, '2025-01-09 14:11:25'),
(2678, 283, '2025-03-06 07:30:17'),
(2679, 283, '2025-04-28 15:20:37'),
(2680, 283, '2025-04-01 13:31:56'),
(2681, 284, '2025-04-22 12:44:34'),
(2682, 284, '2024-12-20 12:52:51'),
(2683, 284, '2024-12-18 18:11:32'),
(2684, 284, '2025-02-25 07:20:30'),
(2685, 284, '2025-04-23 21:04:41'),
(2686, 284, '2025-06-16 09:31:47'),
(2687, 284, '2025-05-29 16:42:43'),
(2688, 284, '2025-06-11 19:31:54'),
(2689, 284, '2025-04-21 01:02:57'),
(2690, 284, '2025-01-21 23:43:07'),
(2691, 285, '2025-01-20 01:05:10'),
(2692, 285, '2025-01-04 23:07:15'),
(2693, 285, '2025-04-09 05:57:19'),
(2694, 285, '2025-02-22 19:36:42'),
(2695, 285, '2025-01-28 16:04:28'),
(2696, 285, '2025-01-28 06:29:29'),
(2697, 286, '2025-01-04 23:13:41'),
(2698, 286, '2025-03-11 09:12:35'),
(2699, 286, '2025-04-26 12:45:00'),
(2700, 286, '2025-06-04 16:07:08'),
(2701, 286, '2025-05-18 14:01:23'),
(2702, 286, '2025-03-31 23:52:01'),
(2703, 286, '2025-03-19 19:15:00'),
(2704, 286, '2025-03-09 14:45:37'),
(2705, 286, '2025-05-07 18:51:58'),
(2706, 286, '2025-03-07 04:22:00'),
(2707, 286, '2025-05-08 08:52:03'),
(2708, 286, '2025-04-27 23:44:32'),
(2709, 286, '2025-02-28 09:35:17'),
(2710, 286, '2025-04-30 02:50:29'),
(2711, 286, '2025-02-09 18:59:36'),
(2712, 286, '2025-04-11 22:41:46'),
(2713, 287, '2025-01-17 05:16:00'),
(2714, 287, '2025-02-06 07:28:20'),
(2715, 288, '2025-01-16 18:27:36'),
(2716, 288, '2025-05-17 08:48:34'),
(2717, 289, '2024-12-27 02:20:19'),
(2718, 289, '2025-02-27 22:33:39'),
(2719, 289, '2025-02-19 23:59:47'),
(2720, 289, '2025-04-03 08:00:41'),
(2721, 289, '2025-05-18 20:42:11'),
(2722, 289, '2025-05-18 12:49:22'),
(2723, 290, '2025-03-17 23:10:07'),
(2724, 290, '2025-05-08 17:52:01'),
(2725, 290, '2025-03-03 12:21:49'),
(2726, 290, '2025-01-07 00:32:33'),
(2727, 290, '2025-01-21 13:47:34'),
(2728, 290, '2025-05-28 18:48:37'),
(2729, 290, '2025-05-08 21:51:48'),
(2730, 290, '2025-03-25 11:26:12'),
(2731, 290, '2025-04-25 01:39:41'),
(2732, 290, '2025-03-24 02:43:50'),
(2733, 290, '2025-01-31 22:13:17'),
(2734, 290, '2025-05-07 06:29:50'),
(2735, 290, '2025-03-20 13:14:58'),
(2736, 290, '2025-01-22 09:33:08'),
(2737, 291, '2025-01-23 06:32:27'),
(2738, 291, '2025-01-14 00:56:44'),
(2739, 291, '2025-01-09 17:25:59'),
(2740, 291, '2025-03-10 08:03:41'),
(2741, 291, '2025-05-15 04:36:41'),
(2742, 291, '2025-05-19 19:27:31'),
(2743, 291, '2025-02-22 04:20:56'),
(2744, 291, '2025-03-24 16:31:43'),
(2745, 291, '2025-01-13 00:03:56'),
(2746, 291, '2025-01-17 15:38:21'),
(2747, 291, '2025-03-25 05:31:24'),
(2748, 291, '2024-12-26 06:44:29'),
(2749, 291, '2025-01-03 10:02:23'),
(2750, 291, '2025-02-05 15:37:14'),
(2751, 292, '2025-03-08 11:09:08'),
(2752, 292, '2025-01-23 08:12:25'),
(2753, 292, '2025-05-19 01:27:49'),
(2754, 292, '2025-01-01 12:16:42'),
(2755, 292, '2025-04-26 16:01:16'),
(2756, 292, '2025-02-28 07:58:47'),
(2757, 293, '2025-03-05 04:43:42'),
(2758, 293, '2025-03-23 23:30:31'),
(2759, 293, '2025-06-03 08:57:18'),
(2760, 293, '2025-01-17 10:15:49'),
(2761, 293, '2025-05-06 10:21:27'),
(2762, 293, '2025-02-11 05:56:39'),
(2763, 293, '2025-04-14 22:11:03'),
(2764, 293, '2025-03-14 07:30:56'),
(2765, 293, '2024-12-23 01:55:44'),
(2766, 293, '2025-05-10 02:53:13'),
(2767, 293, '2025-01-01 11:39:51'),
(2768, 293, '2025-05-11 15:12:29'),
(2769, 294, '2025-01-15 21:53:42'),
(2770, 294, '2025-01-02 19:10:06'),
(2771, 294, '2025-05-30 06:44:15'),
(2772, 294, '2025-05-10 16:55:15'),
(2773, 294, '2025-05-06 01:32:41'),
(2774, 294, '2025-01-10 20:23:23'),
(2775, 295, '2025-01-09 23:10:51'),
(2776, 295, '2025-05-20 16:23:59'),
(2777, 295, '2025-04-12 02:27:53'),
(2778, 295, '2025-05-28 07:27:51'),
(2779, 295, '2025-05-17 14:10:56'),
(2780, 295, '2025-02-06 14:14:16'),
(2781, 295, '2025-02-19 05:56:20'),
(2782, 295, '2025-05-07 19:55:43'),
(2783, 295, '2025-03-01 17:41:54'),
(2784, 295, '2025-02-24 08:34:20'),
(2785, 295, '2025-04-13 15:20:54'),
(2786, 295, '2025-01-03 11:06:43'),
(2787, 295, '2024-12-29 19:25:33'),
(2788, 295, '2024-12-26 18:30:38'),
(2789, 296, '2024-12-28 23:21:16'),
(2790, 297, '2025-04-06 08:51:50'),
(2791, 297, '2025-01-25 05:01:46'),
(2792, 297, '2024-12-27 21:30:14'),
(2793, 297, '2025-06-07 00:37:34'),
(2794, 297, '2025-04-12 01:46:46'),
(2795, 297, '2025-05-18 21:08:50'),
(2796, 297, '2024-12-28 21:29:40'),
(2797, 297, '2025-03-20 00:06:47'),
(2798, 297, '2025-03-18 12:13:50'),
(2799, 297, '2025-02-05 11:07:35'),
(2800, 297, '2025-04-08 09:04:34'),
(2801, 297, '2025-05-05 02:49:40'),
(2802, 297, '2025-05-20 11:23:08'),
(2803, 297, '2025-03-07 00:10:21'),
(2804, 297, '2024-12-23 04:00:42'),
(2805, 297, '2025-03-09 06:28:41'),
(2806, 297, '2025-03-13 15:09:58'),
(2807, 297, '2025-04-15 21:00:47'),
(2808, 297, '2025-04-20 08:22:57'),
(2809, 298, '2025-05-11 06:17:55'),
(2810, 298, '2025-05-17 04:35:44'),
(2811, 298, '2025-05-16 08:05:10'),
(2812, 298, '2025-01-01 01:33:12'),
(2813, 298, '2025-02-26 12:13:42'),
(2814, 298, '2025-02-05 00:37:16'),
(2815, 298, '2025-03-24 05:39:04'),
(2816, 298, '2025-03-10 03:27:50'),
(2817, 298, '2025-05-27 05:34:41'),
(2818, 298, '2025-05-03 00:44:33'),
(2819, 298, '2025-06-02 07:06:10'),
(2820, 298, '2025-01-25 00:08:25'),
(2821, 299, '2025-01-02 05:26:30'),
(2822, 299, '2024-12-19 16:58:14'),
(2823, 299, '2025-06-10 09:19:02'),
(2824, 299, '2025-06-03 20:37:54'),
(2825, 299, '2025-01-12 13:00:15'),
(2826, 299, '2025-04-30 02:34:26'),
(2827, 299, '2025-02-09 23:12:47'),
(2828, 299, '2025-01-01 00:46:51'),
(2829, 299, '2025-05-03 05:13:45'),
(2830, 299, '2025-01-12 11:38:41'),
(2831, 299, '2025-02-14 16:11:21'),
(2832, 300, '2025-05-14 01:54:04'),
(2833, 300, '2025-01-28 16:48:21'),
(2834, 300, '2025-04-14 23:29:35'),
(2835, 300, '2025-03-09 13:26:20'),
(2836, 300, '2025-05-30 06:23:35'),
(2837, 300, '2025-01-13 01:37:04'),
(2838, 300, '2025-01-05 09:44:10'),
(2839, 300, '2024-12-21 01:01:23'),
(2840, 300, '2025-01-23 04:09:24'),
(2841, 300, '2025-05-13 15:18:12'),
(2842, 300, '2025-01-19 09:03:09'),
(2843, 300, '2025-02-15 11:27:13'),
(2844, 300, '2025-03-21 20:02:07'),
(2845, 300, '2025-01-11 23:30:34'),
(2846, 300, '2025-04-07 12:57:11'),
(2847, 300, '2025-02-27 07:23:46'),
(2848, 300, '2025-03-13 04:21:01'),
(2849, 300, '2025-05-25 14:06:34'),
(2850, 300, '2024-12-19 08:18:17'); */

-- --------------------------------------------------------


--
-- Struttura della tabella `Utenti`
--

CREATE TABLE `Utenti` (
  `id` int NOT NULL,
  `nome` varchar(50) NOT NULL,
  `cognome` varchar(50) NOT NULL,
  `data_nascita` date NOT NULL,
  `email` varchar(100) DEFAULT NULL,
  `codice_fiscale` varchar(16) NOT NULL
) ENGINE=InnoDB DEFAULT CHARSET=utf8mb4 COLLATE=utf8mb4_0900_ai_ci;

--
-- Dump dei dati per la tabella `Utenti`
--

INSERT INTO `Utenti` (`id`, `nome`, `cognome`, `data_nascita`, `email`, `codice_fiscale`) VALUES
(1, 'Admin', 'Palesra', '1984-12-25', 'admin@palestra.com', '9A6DHDY6CQXDAL1J'),
(2, 'Rashawn', 'Gulgowski', '2004-08-11', 'Rashawn.Gulgowski67@hotmail.com', 'EWRX42WIFAKCFBSZ'),
(3, 'Genevieve', 'McCullough', '2003-03-31', 'Genevieve_McCullough@hotmail.com', 'FKJMQPWW8LQXV0AQ'),
(4, 'Hannah', 'Morar', '1985-08-27', 'Hannah.Morar@hotmail.com', 'JVAPNLBGUPUZBXAE'),
(5, 'Dahlia', 'Ledner', '1992-08-22', 'Dahlia_Ledner@yahoo.com', 'J2VYUBVYIL0ATINT'),
(6, 'Milan', 'Schuppe', '1983-06-06', 'Milan.Schuppe27@yahoo.com', 'HGT2EPVH2JFRZZPY'),
(7, 'Florida', 'Gusikowski', '1982-12-06', 'Florida_Gusikowski@yahoo.com', '02YDD4VLXEYICAI9'),
(8, 'Abagail', 'Hansen', '2002-11-16', 'Abagail_Hansen93@hotmail.com', 'GK92RS0R8RGA2QK2'),
(9, 'Anderson', 'Moen', '1998-02-11', 'Anderson.Moen40@gmail.com', 'VRAQGWSIK3D71GM5'),
(10, 'Corrine', 'Denesik', '1999-02-15', 'Corrine_Denesik@hotmail.com', 'GESY0SENALVPLJPS'),
(11, 'Ruthe', 'Stanton', '1996-12-26', 'Ruthe.Stanton49@yahoo.com', 'QFQINRWJEPHTZTZY'),
(12, 'Muhammad', 'Okuneva', '1977-11-16', 'Muhammad_Okuneva49@yahoo.com', 'IYZJF1XRF8APX9BB'),
(13, 'Jaden', 'Effertz', '1984-01-04', 'Jaden.Effertz@hotmail.com', 'FDCYYR3LZBCBLINV'),
(14, 'Kayli', 'Dach', '1988-01-31', 'Kayli.Dach14@hotmail.com', 'IOOWKRLNAIFPYI5T'),
(15, 'Kari', 'Reilly', '1992-07-31', 'Kari.Reilly@gmail.com', 'TDDZJOORBIQDPEXL'),
(16, 'Jayme', 'Marks', '1975-12-17', 'Jayme_Marks89@hotmail.com', '7PUH4D6LUA2JTRDJ'),
(17, 'Carey', 'Schiller', '1988-12-31', 'Carey_Schiller@hotmail.com', 'F08I0OUGOHAQ7TLY'),
(18, 'Jewel', 'Howell', '1985-05-25', 'Jewel.Howell@yahoo.com', 'WRWA5K6DMLOEOKT0'),
(19, 'Richard', 'Fahey', '1984-10-03', 'Richard_Fahey97@hotmail.com', '1MDZ3CNZKYSRALYM'),
(20, 'Yvette', 'Miller', '1998-10-13', 'Yvette.Miller95@gmail.com', 'ZHWPBPDKKLO0RUCE'),
(21, 'Dorothy', 'Doyle', '1975-01-20', 'Dorothy.Doyle96@gmail.com', 'R1Q3OSWDGPHOEB7G'),
(22, 'Albertha', 'Hilll-Russel', '1997-11-26', 'Albertha_Hilll-Russel2@gmail.com', 'WGP1NLIJSZGGTVYH'),
(23, 'Jade', 'O Hara', '1981-11-18', 'Jade.OHara@hotmail.com', 'PHAJQQSISCSSY3CE'),
(24, 'Jermaine', 'Kohler', '1981-06-25', 'Jermaine.Kohler68@yahoo.com', '2LSB5KHLGX6UBNGJ'),
(25, 'Allison', 'Sawayn', '1979-08-03', 'Allison_Sawayn@hotmail.com', 'KYNYXBXFY4GVF2D7'),
(26, 'Llewellyn', 'Green', '1994-04-20', 'Llewellyn_Green@yahoo.com', 'CYBHG3JYEUM3VOZR'),
(27, 'Tressa', 'O Connell', '1984-11-22', 'Tressa.OConnell@hotmail.com', 'IIRAIGWEEYGVMOLD'),
(28, 'Tristin', 'Von', '1975-04-23', 'Tristin_Von52@yahoo.com', 'YGHQ2VNRW4IVH3PR'),
(29, 'Marcia', 'Ernser', '1994-08-21', 'Marcia.Ernser@gmail.com', 'O1N2OMA4ZSRSUGNT'),
(30, 'Abe', 'Skiles', '1982-03-27', 'Abe_Skiles@yahoo.com', 'QGOCUKZMLYTBQ7XV'),
(31, 'Hosea', 'Davis', '1980-08-20', 'Hosea.Davis@gmail.com', 'RQ4V0EKPA4LXR4DM'),
(32, 'Reva', 'Hermiston', '1995-08-03', 'Reva_Hermiston77@hotmail.com', 'FOURDPZZTKVLXZHG'),
(33, 'Buddy', 'Cartwright', '2003-01-23', 'Buddy.Cartwright28@hotmail.com', 'FJX0R8QU5AIYYH7D'),
(34, 'Marcel', 'Jones', '1994-07-02', 'Marcel_Jones3@gmail.com', 'JPVMTVAVRTWGUPTG'),
(35, 'Thalia', 'Hyatt', '1995-01-16', 'Thalia_Hyatt@gmail.com', '8QXG4EJNRIVLDIJZ'),
(36, 'Vernie', 'Bergnaum', '2002-04-18', 'Vernie_Bergnaum59@hotmail.com', 'LTC1FB3FFYTNPWPY'),
(37, 'Sadye', 'Sporer', '1975-06-10', 'Sadye_Sporer23@hotmail.com', '0O2QVYD03XCPYSGJ'),
(38, 'Marian', 'Wehner', '1979-04-13', 'Marian_Wehner55@yahoo.com', 'XCVVJSKH2QHY072U'),
(39, 'Olga', 'Turner', '1976-12-10', 'Olga.Turner58@yahoo.com', 'D2BPOWSDC4WQ90HP'),
(40, 'Evan', 'Nitzsche', '1997-07-19', 'Evan_Nitzsche7@yahoo.com', 'NZWFSUTPWJFADZB0'),
(41, 'Yazmin', 'Little', '1989-04-21', 'Yazmin_Little30@gmail.com', 'X0OFLLRSQDYVS439'),
(42, 'Brannon', 'Keebler', '1986-06-26', 'Brannon_Keebler@yahoo.com', '6AQBZHK22Z1QEONJ'),
(43, 'Michaela', 'Kshlerin', '1977-01-22', 'Michaela.Kshlerin74@yahoo.com', 'LZBPG4BDTKJ2KSXY'),
(44, 'Helen', 'Metz', '1976-05-20', 'Helen.Metz@gmail.com', '7W8U7VILIWQIILQH'),
(45, 'Justus', 'Johns', '1994-05-04', 'Justus.Johns63@yahoo.com', '9B8UMNZ3CADOJR4I'),
(46, 'Eric', 'Braun', '1977-10-27', 'Eric_Braun72@hotmail.com', 'ZMHU9EQMGBTW9JY0'),
(47, 'Melody', 'Lynch', '1991-04-12', 'Melody_Lynch24@yahoo.com', 'LDPUWA09CU6ZGM9Q'),
(48, 'Evalyn', 'Romaguera', '1976-08-10', 'Evalyn_Romaguera@hotmail.com', 'MMPBTTIAJMUSNDNI'),
(49, 'Wilber', 'Hayes', '1992-05-31', 'Wilber_Hayes@yahoo.com', 'WV4VQBLAVHP1AGR3'),
(50, 'Lonie', 'Halvorson', '2002-01-30', 'Lonie.Halvorson52@yahoo.com', 'AD4EVHNS5VW1UCF4'),
(51, 'Micah', 'Walter', '1980-11-11', 'Micah.Walter@hotmail.com', '8C7FQSHCEUHRHHST'),
(52, 'Landen', 'Wisoky', '2002-08-12', 'Landen_Wisoky@yahoo.com', 'XTLJAN81TAV0TAJN'),
(53, 'Destany', 'Kemmer', '1980-07-29', 'Destany_Kemmer@gmail.com', 'DHAE21O4QA0EYFRL'),
(54, 'Larue', 'Bednar', '2000-12-10', 'Larue.Bednar98@gmail.com', 'TAAZEAPNCQ0L16KP'),
(55, 'Carolyn', 'Kovacek', '2002-01-22', 'Carolyn_Kovacek36@gmail.com', 'CAHBPYCSZGKTI0N2'),
(56, 'Breanne', 'Leannon', '1981-04-21', 'Breanne.Leannon@hotmail.com', '0T5OUMAB1PN5ESFC'),
(57, 'Ernie', 'Bosco', '1989-07-09', 'Ernie_Bosco@gmail.com', 'VGBLOJCJW3E9HK8L'),
(58, 'Kendrick', 'Ward', '1993-11-25', 'Kendrick.Ward69@hotmail.com', 'XZ5A8QNAXSZLLYEH'),
(59, 'Kenneth', 'Hilpert', '1983-12-27', 'Kenneth_Hilpert@yahoo.com', 'TAXNBMO048WK8JX3'),
(60, 'Lucious', 'Sanford', '2002-06-21', 'Lucious_Sanford38@yahoo.com', 'QZB7REGAVFEEX7RM'),
(61, 'Maxie', 'Sipes', '2003-09-21', 'Maxie_Sipes81@gmail.com', 'FJOSGLVTE1GT8VGD'),
(62, 'Damian', 'Mitchell', '1998-11-03', 'Damian.Mitchell63@hotmail.com', 'P5YYDU2BNNLHJJNN'),
(63, 'Suzanne', 'Rutherford', '1977-02-14', 'Suzanne_Rutherford@yahoo.com', 'NKHYW617HHAL8TJ5'),
(64, 'Sean', 'Beahan', '1985-02-26', 'Sean.Beahan27@yahoo.com', 'FCWAL73JKELDHLKH'),
(65, 'Jerad', 'Rosenbaum', '1982-10-13', 'Jerad_Rosenbaum30@yahoo.com', 'SU9JO4M8LD9ASFYS'),
(66, 'Beryl', 'Corwin', '1992-02-08', 'Beryl.Corwin87@gmail.com', 'USVSTV241O0GTLSO'),
(67, 'Eugenia', 'Dare', '1979-02-05', 'Eugenia_Dare43@gmail.com', '8IY8WPD1YGL0MI5R'),
(68, 'Makayla', 'Zulauf', '1997-09-22', 'Makayla.Zulauf16@yahoo.com', 'PZ4OK8EG3ZMIQRRH'),
(69, 'Jarrod', 'Terry-Koch', '1983-04-04', 'Jarrod_Terry-Koch@hotmail.com', '4ELSYHLFBFLDSN2B'),
(70, 'Dalton', 'Bergnaum', '1985-03-04', 'Dalton.Bergnaum23@gmail.com', '2LHSOILS8TTHACE5'),
(71, 'Joaquin', 'Huels', '1985-12-03', 'Joaquin_Huels@hotmail.com', 'L2VTMCMILHATNXO7'),
(72, 'Jacinthe', 'Reinger', '2003-06-22', 'Jacinthe_Reinger@gmail.com', 'QAYXQTKC4UZA65UH'),
(73, 'Nelda', 'Block', '1983-06-13', 'Nelda_Block1@yahoo.com', 'O1RMVPU7SMN549GD'),
(74, 'Raven', 'Collins', '2003-12-14', 'Raven_Collins@hotmail.com', 'S5NQPKWAWNZU9UXA'),
(75, 'Gretchen', 'Muller', '2003-02-03', 'Gretchen_Muller35@gmail.com', 'C7LKJUIAAF4QTC1I'),
(76, 'Cassandre', 'Casper', '1987-04-09', 'Cassandre_Casper33@yahoo.com', 'MLGJ5FD52HIT5FXN'),
(77, 'Katlyn', 'Frami', '2000-07-27', 'Katlyn.Frami@hotmail.com', 'GTUJALZSUFRDOKAG'),
(78, 'Missouri', 'Jenkins', '1997-09-13', 'Missouri_Jenkins@hotmail.com', 'VE52WHNXPVSBBPUZ'),
(79, 'Gracie', 'Batz', '2001-10-22', 'Gracie_Batz@yahoo.com', 'F7YP6UTGEFQYFZ6J'),
(80, 'Isadore', 'Steuber', '2004-08-21', 'Isadore_Steuber27@hotmail.com', 'AOP5OGYBSPUZOJAS'),
(81, 'Katheryn', 'Franey', '1984-02-15', 'Katheryn_Franey@hotmail.com', 'LFZXJPQJ6QDEKYZB'),
(82, 'Zora', 'Rutherford', '1978-12-19', 'Zora.Rutherford@hotmail.com', 'CO1JFG1OBCAFJZND'),
(83, 'Vida', 'Bednar', '1976-11-12', 'Vida_Bednar24@yahoo.com', 'PAAJZJJXYOI1JVIE'),
(84, 'Dina', 'Goldner', '1976-03-17', 'Dina.Goldner@gmail.com', 'RGF9QAMGPX4VIXZS'),
(85, 'Vincenza', 'O Kon', '1991-07-25', 'Vincenza.OKon@gmail.com', 'VGY3YVJDUEVJFEPF'),
(86, 'Delpha', 'Senger', '1985-03-20', 'Delpha_Senger@gmail.com', 'KXKAUOL6ARBA6MJB'),
(87, 'Nick', 'Reinger', '1991-08-09', 'Nick.Reinger72@gmail.com', 'FITGUVXQPJ232JOH'),
(88, 'Tressa', 'Romaguera', '1987-05-01', 'Tressa_Romaguera40@hotmail.com', '8TPBPMAR58BJ9PGT'),
(89, 'Ahmed', 'Schiller', '1980-02-28', 'Ahmed.Schiller28@gmail.com', '47ZD7O74HFZZPB1I'),
(90, 'Brooks', 'Spencer', '1993-06-05', 'Brooks_Spencer59@yahoo.com', 'K3YSGAVRHRSFPZ4K'),
(91, 'Cordia', 'O Connell', '1979-11-18', 'Cordia.OConnell38@hotmail.com', 'EWW6GB24Y5TCLXFS'),
(92, 'Stephon', 'Wisozk', '1996-05-22', 'Stephon_Wisozk96@gmail.com', 'APFHVH9Y7TVG6EXS'),
(93, 'Talia', 'Bogisich', '1993-10-19', 'Talia_Bogisich69@hotmail.com', 'EME9EE3CMNYFJAN8'),
(94, 'Jameson', 'Schaden', '1990-09-19', 'Jameson.Schaden@gmail.com', 'TD0FORMBHYGX7HQ1'),
(95, 'Icie', 'Weimann', '1997-05-05', 'Icie_Weimann52@gmail.com', 'J6VEC9Y7ODKDWP5T'),
(96, 'Brendon', 'O Conner', '1980-09-23', 'Brendon_OConner10@hotmail.com', 'ZVQYQUWM5XLLSVHQ'),
(97, 'Dallas', 'Toy', '2004-06-01', 'Dallas_Toy75@hotmail.com', 'WS53S1ZCASOWJANK'),
(98, 'Myah', 'Hahn', '1997-08-09', 'Myah_Hahn@yahoo.com', 'LKQNIPOOCCXN4MUJ'),
(99, 'Juliana', 'Gottlieb', '1989-06-13', 'Juliana.Gottlieb14@yahoo.com', 'JMONNZYJVX7YVYMP'),
(100, 'Lelah', 'Abbott', '1984-01-16', 'Lelah.Abbott14@hotmail.com', 'P6P80ZWS44PHQWBR'),
(101, 'Norris', 'Goodwin', '1989-11-06', 'Norris.Goodwin@hotmail.com', 'OTXSPMNHSPRFF3PI'),
(102, 'Fritz', 'O Hara', '1993-09-18', 'Fritz.OHara18@gmail.com', 'G6QPFNTUEEWC9PRN'),
(103, 'Carol', 'Koch', '1997-10-07', 'Carol.Koch34@gmail.com', 'AKA7L37RKI70GGCZ'),
(104, 'Eda', 'Cummerata', '1996-09-01', 'Eda_Cummerata0@gmail.com', 'IV4XQUBXJK2TLYG8'),
(105, 'Halle', 'Blick', '1984-01-29', 'Halle.Blick0@hotmail.com', 'XCBIEHZOMEAJRRBI'),
(106, 'Kylie', 'Kulas', '1998-07-03', 'Kylie_Kulas37@hotmail.com', 'ASVGNW3T9RMWO0RJ'),
(107, 'Marcelina', 'Emard', '2000-12-26', 'Marcelina_Emard@gmail.com', 'HX1PGLVRCP49DLJL'),
(108, 'Janice', 'Stark', '1988-03-11', 'Janice_Stark77@yahoo.com', 'RXNDX1B5DWM5DHO7'),
(109, 'Misael', 'Walsh', '1988-12-24', 'Misael_Walsh53@hotmail.com', 'T2JWYZVLSNSIFVVV'),
(110, 'Karen', 'Herzog', '1987-10-01', 'Karen_Herzog47@yahoo.com', 'WD6VQ9NZ6GUUNCUR'),
(111, 'Dameon', 'Keeling', '2000-09-09', 'Dameon_Keeling12@yahoo.com', 'PQI4KFXLBJ86KNLF'),
(112, 'Jayce', 'Gerlach', '1997-01-16', 'Jayce_Gerlach64@yahoo.com', 'OHGOXH9FLCGQIP4D'),
(113, 'Anjali', 'Robel', '1997-10-17', 'Anjali_Robel@gmail.com', 'PH9RD4OID4IOIHZT'),
(114, 'Brandt', 'Fadel', '1975-05-09', 'Brandt_Fadel@gmail.com', 'NRNIADP6XO7SEW8Z'),
(115, 'Brent', 'Farrell', '1991-07-06', 'Brent.Farrell@gmail.com', 'LC0SZ1S5L5SZSQMH'),
(116, 'Laura', 'Goyette', '1987-03-09', 'Laura.Goyette52@hotmail.com', 'DHVBSSBAKDITXVXJ'),
(117, 'Brady', 'Schaden', '1984-03-02', 'Brady.Schaden44@gmail.com', 'T2MZVFXMQWW9RK5C'),
(118, 'Lori', 'Harvey', '2004-02-23', 'Lori.Harvey@gmail.com', 'V4ZLJCZARARG0NXF'),
(119, 'Reilly', 'Armstrong', '1984-11-18', 'Reilly_Armstrong11@yahoo.com', '0PBV0OBXOD90GLUS'),
(120, 'David', 'Walker', '1983-08-06', 'David.Walker@yahoo.com', 'FKO8JMMGHXFSFL9Q'),
(121, 'Sterling', 'Schuppe', '1978-06-20', 'Sterling_Schuppe50@yahoo.com', '10CXHBMQ1TVUTEC0'),
(122, 'Lola', 'Abernathy', '1977-04-14', 'Lola_Abernathy@yahoo.com', 'J3YICET51WQDJBSS'),
(123, 'Nicole', 'Reilly', '1982-01-30', 'Nicole_Reilly10@gmail.com', 'NBZZOVOPDIVJ1VDY'),
(124, 'Abby', 'Kuhic', '1983-04-24', 'Abby_Kuhic74@gmail.com', 'TUZE3ZZNTAQCTIJ2'),
(125, 'Stanley', 'Hayes', '1988-09-28', 'Stanley.Hayes84@hotmail.com', 'NIISUSWYTKVGDBHS'),
(126, 'Connie', 'Willms', '2002-09-10', 'Connie.Willms@hotmail.com', 'DLNXJPW4HSCOTEPX'),
(127, 'Antoinette', 'Ebert', '2001-05-06', 'Antoinette.Ebert@gmail.com', 'NCX1QRQQRSUIXCJJ'),
(128, 'Kellie', 'Runolfsson', '1989-10-26', 'Kellie_Runolfsson@yahoo.com', '3IERYAD172CA3LHT'),
(129, 'Reuben', 'Oberbrunner', '1990-05-08', 'Reuben.Oberbrunner94@yahoo.com', 'PAYGQVDMB4N9XQQA'),
(130, 'Katherine', 'Heidenreich', '2000-06-20', 'Katherine_Heidenreich@gmail.com', 'PODW3BYV8QS974RH'),
(131, 'Issac', 'Kuhn', '1980-04-13', 'Issac.Kuhn@yahoo.com', 'AXL6HSX7RGEALNBK'),
(132, 'Cheyenne', 'Fritsch', '1997-07-04', 'Cheyenne_Fritsch71@gmail.com', 'GRWXN4MXRX5MZY9W'),
(133, 'Josie', 'Blanda', '1985-07-22', 'Josie_Blanda64@yahoo.com', '352XI3VH1NFQ0PDK'),
(134, 'Calista', 'Feest', '1992-05-05', 'Calista_Feest@hotmail.com', 'DUNBKJ6L4ZK9HA5T'),
(135, 'Bertrand', 'Christiansen', '2000-11-09', 'Bertrand.Christiansen@hotmail.com', '0LJY4EUXCGUNG2WL'),
(136, 'Annie', 'Schowalter', '1990-11-11', 'Annie_Schowalter38@yahoo.com', 'HQPOF5P0SPQODZZY'),
(137, 'Yvonne', 'Yost', '1984-12-25', 'Yvonne_Yost87@hotmail.com', 'FICAJ61QC3FWCJDQ'),
(138, 'Tyson', 'Schumm', '1989-02-10', 'Tyson_Schumm52@gmail.com', '5YOE6RDU5XI30HIE'),
(139, 'Korey', 'Rutherford', '2002-05-11', 'Korey_Rutherford83@gmail.com', 'NM6REWH1EBTAZICT'),
(140, 'Porter', 'Cartwright', '2004-03-21', 'Porter_Cartwright@gmail.com', 'KUWTU4BO7DWQIAYD'),
(141, 'Mina', 'Cartwright', '1996-10-04', 'Mina_Cartwright46@yahoo.com', 'B34K93TQD3NANBTD'),
(142, 'George', 'Auer', '1995-07-07', 'George.Auer@gmail.com', 'COVW4SZPJ0QD9HV1'),
(143, 'Harold', 'McKenzie', '1978-01-11', 'Harold.McKenzie45@gmail.com', 'XLJKATPOPDBJOU6G'),
(144, 'Hayley', 'Zboncak', '1977-02-07', 'Hayley.Zboncak@gmail.com', 'DICCULPD3XLNINH8'),
(145, 'Joany', 'Hayes', '1976-03-25', 'Joany.Hayes41@yahoo.com', 'PXVM7NFYERD6XIA2'),
(146, 'Bernadette', 'McGlynn', '1975-12-21', 'Bernadette.McGlynn2@hotmail.com', 'ZO6COVRB2PTX1KOQ'),
(147, 'Adella', 'Halvorson', '1995-05-02', 'Adella.Halvorson@hotmail.com', 'Y2ILQCI64ROMQZCL'),
(148, 'Brent', 'Hoppe', '1990-10-12', 'Brent.Hoppe@yahoo.com', 'F6SOFKDOFAM8YS9H'),
(149, 'Marcia', 'Zulauf', '2003-10-06', 'Marcia.Zulauf91@yahoo.com', 'FQNLE68JA6Q7UEYG'),
(150, 'Alize', 'Luettgen', '1994-09-18', 'Alize.Luettgen94@hotmail.com', '6TH73IXATAUP4ZYM'),
(151, 'Lisa', 'Stamm', '2002-10-11', 'Lisa.Stamm66@hotmail.com', 'XWS0EQDHW39T6U26'),
(152, 'Lurline', 'Moen', '2004-09-21', 'Lurline.Moen@hotmail.com', 'NB6DWSIPFBWE2JUA'),
(153, 'Alisa', 'Kreiger', '1990-10-07', 'Alisa_Kreiger@hotmail.com', 'PDNVOIFQYYMGCTRC'),
(154, 'Jennifer', 'Reilly', '1981-01-28', 'Jennifer_Reilly@gmail.com', 'AHAESVYMP7HOY1H7'),
(155, 'Billy', 'Franey', '2000-10-24', 'Billy_Franey@yahoo.com', 'H5AS9KEXMFCVOTNK'),
(156, 'Leora', 'Franey', '1998-03-16', 'Leora_Franey@yahoo.com', '9HH1LFIMADRHYIQX'),
(157, 'Jake', 'Nicolas', '1984-04-09', 'Jake_Nicolas68@hotmail.com', '3AWOG4L4UVZ9ISY0'),
(158, 'Oscar', 'Welch', '1980-02-11', 'Oscar_Welch57@gmail.com', 'FTPSEYRQDNGMCR9F'),
(159, 'Roma', 'Hegmann', '1988-08-03', 'Roma.Hegmann@hotmail.com', 'ZHCQDVG1FVAGJY9Q'),
(160, 'Stephanie', 'Hessel', '1994-01-03', 'Stephanie.Hessel27@yahoo.com', 'MMGXGXZDGKHPGUUS'),
(161, 'Maya', 'Terry', '1975-05-25', 'Maya_Terry@gmail.com', 'FGZDZAJ07U3NFP5P'),
(162, 'Jessie', 'Kovacek', '1976-06-22', 'Jessie_Kovacek@gmail.com', 'JTTP4SVRIQJRHP48'),
(163, 'Carmela', 'D Amore', '1977-10-09', 'Carmela.DAmore17@gmail.com', 'BWQ82WHX0VYGMMHC'),
(164, 'Myrtice', 'Berge', '1991-12-08', 'Myrtice.Berge@yahoo.com', 'QAAZ0EFRSZPITQS6'),
(165, 'Minerva', 'Considine', '1977-04-01', 'Minerva_Considine@hotmail.com', '95WBVV0H9TCZRBB3'),
(166, 'Karley', 'Toy', '1996-12-02', 'Karley_Toy@yahoo.com', 'SOQTT3E1EUMJAHXS'),
(167, 'Wilhelm', 'Gutkowski', '1996-10-13', 'Wilhelm_Gutkowski@hotmail.com', 'FSI16VZGPVKHBIXV'),
(168, 'Florencio', 'Breitenberg', '1999-05-19', 'Florencio.Breitenberg77@hotmail.com', 'AIMLM1GQIXKZ01DP'),
(169, 'Gennaro', 'Crist', '1991-11-15', 'Gennaro.Crist@gmail.com', 'TPTVKHFQ8BTQ5IJR'),
(170, 'Oscar', 'Goodwin', '1990-08-14', 'Oscar_Goodwin@gmail.com', 'GWEH4OYQ8GZILVLK'),
(171, 'Velda', 'Lueilwitz', '1993-02-17', 'Velda.Lueilwitz76@hotmail.com', 'W1URQCCDURIRYVY3'),
(172, 'Theresia', 'Braun', '1995-10-28', 'Theresia.Braun@hotmail.com', 'E29GRBQQ93LOVDXA'),
(173, 'Ian', 'Roob', '1982-11-28', 'Ian_Roob42@hotmail.com', 'TTLKK1SRA6SBWOCC'),
(174, 'Lysanne', 'Waelchi', '1976-05-19', 'Lysanne_Waelchi@yahoo.com', 'JQLPP6BPM6HMFVOK'),
(175, 'Collin', 'Schuster', '1995-06-20', 'Collin.Schuster17@hotmail.com', 'W2KW2GLADNWETZYV'),
(176, 'Dorothy', 'Friesen', '2003-12-08', 'Dorothy.Friesen66@yahoo.com', 'UZTHGLFGLT5BH7EW'),
(177, 'Ladarius', 'Watsica', '1998-12-30', 'Ladarius_Watsica92@hotmail.com', 'NYBZZ1HI1ZBSIDRF'),
(178, 'Marlee', 'Barton', '2000-07-14', 'Marlee.Barton0@hotmail.com', 'TU1SM4LRJYRVOYNV'),
(179, 'Deondre', 'Wiza', '1983-10-26', 'Deondre_Wiza@gmail.com', 'NU0WKJUUTWW5MAEI'),
(180, 'Eleazar', 'Lebsack', '1996-05-05', 'Eleazar.Lebsack77@hotmail.com', 'VYZ3Y77IW7YJVEWN'),
(181, 'Eldon', 'Gleichner', '2004-03-02', 'Eldon.Gleichner1@hotmail.com', 'E7UQ3YIYETIK8YLT'),
(182, 'Daryl', 'Parker', '1983-11-07', 'Daryl.Parker@hotmail.com', '2ZQS0EIGMDRRYBKA'),
(183, 'Caesar', 'Kozey', '2002-08-23', 'Caesar.Kozey36@hotmail.com', 'DAV7KCB1WGQQTNWH'),
(184, 'Kiara', 'Stamm', '2004-10-01', 'Kiara.Stamm@gmail.com', 'MHV0J2490RXPXPYU'),
(185, 'Beau', 'Runolfsson', '1980-08-13', 'Beau_Runolfsson@yahoo.com', 'VH6YCS4NFAQB9CEC'),
(186, 'Landen', 'Bode', '1993-08-13', 'Landen.Bode16@hotmail.com', '5TDFEAQP9SEHMI7E'),
(187, 'Davin', 'Crist', '1996-02-13', 'Davin_Crist@hotmail.com', 'PGLPIYGDQ0G53CVZ'),
(188, 'Elaina', 'Breitenberg', '2004-05-09', 'Elaina_Breitenberg8@hotmail.com', 'P4C1XCKX2VTILPR2'),
(189, 'Arno', 'Lehner', '1985-07-05', 'Arno_Lehner@gmail.com', 'VKKOLJI0KYFCYTMD'),
(190, 'Daniela', 'Terry-Tremblay', '1978-03-26', 'Daniela.Terry-Tremblay@hotmail.com', 'DNONHWRGYUNQKEHB'),
(191, 'Margaret', 'Donnelly', '1978-09-08', 'Margaret_Donnelly@hotmail.com', 'W7ZIHD993SKSVRZC'),
(192, 'Anahi', 'Cremin', '1995-06-22', 'Anahi.Cremin@hotmail.com', 'E0LKSI1TPBSHSIOJ'),
(193, 'Janick', 'Orn', '1994-01-30', 'Janick.Orn81@yahoo.com', '0YSEE5VBV66PE5H4'),
(194, 'Deshaun', 'Russel', '2003-01-28', 'Deshaun.Russel27@gmail.com', '7XN4SDKJAPVNPHPD'),
(195, 'Lucy', 'Fahey', '1978-01-31', 'Lucy.Fahey34@hotmail.com', '5ELDECDHPTUIV2VU'),
(196, 'Diego', 'Mitchell-Dibbert', '2001-09-30', 'Diego.Mitchell-Dibbert80@yahoo.com', 'Y2FWTZ7T9DEQF42Q'),
(197, 'Chad', 'Williamson', '1994-12-13', 'Chad_Williamson82@gmail.com', 'PXTA1A0BW1XA2YWM'),
(198, 'Arnaldo', 'Schimmel', '1994-05-12', 'Arnaldo_Schimmel93@yahoo.com', 'PEYBOBL9ROEJ8I7D'),
(199, 'Sherman', 'Keeling', '2004-02-13', 'Sherman.Keeling53@hotmail.com', 'RFZAWW6IL8SLNBFZ'),
(200, 'Tod', 'Feeney', '1982-01-10', 'Tod.Feeney@yahoo.com', 'MVMXISEMIZJVL5TO'),
(201, 'Alek', 'Dibbert', '1981-03-21', 'Alek.Dibbert83@yahoo.com', 'SYJMUBNCQZ7VXZFS'),
(202, 'Makenna', 'Sipes', '1963-09-05', 'Makenna.Sipes47@hotmail.com', '4CKHNBUDDTCEEFLJ'),
(203, 'Addison', 'Hilll', '1980-09-02', 'Addison.Hilll@gmail.com', 'GUJXA5PHAZY6205D'),
(204, 'Jayde', 'Quigley', '1989-12-29', 'Jayde.Quigley@hotmail.com', 'QONR4ZUFN1GHF85P'),
(205, 'Eino', 'Howell', '1987-05-28', 'Eino.Howell24@yahoo.com', 'SFPCH9YTZG5QSHL6'),
(206, 'Erling', 'Grimes', '1924-05-05', 'Erling.Grimes@hotmail.com', 'PWPOJIYMXPSVCYJF'),
(207, 'Ana', 'Lang', '1961-05-13', 'Ana.Lang37@gmail.com', 'SLET82KAENY9W6TK'),
(208, 'Darryl', 'Konopelski', '1959-02-03', 'Darryl.Konopelski@hotmail.com', 'NLOQECQMC2LZWWQR'),
(209, 'Magali', 'Ortiz', '1921-05-28', 'Magali.Ortiz9@yahoo.com', 'QKOSNOOGGYTX68V4'),
(210, 'Katarina', 'McDermott', '1938-03-22', 'Katarina.McDermott40@hotmail.com', '7HFUYTBKOOYMH07Q'),
(211, 'Vidal', 'Hills', '1920-07-30', 'Vidal.Hills49@gmail.com', 'VXRJXS2N3YASVFYV'),
(212, 'Erika', 'Wyman', '1995-07-08', 'Erika.Wyman@yahoo.com', 'Q7JOF5ONBJYH6SUE'),
(213, 'Samson', 'Lueilwitz', '1969-09-07', 'Samson_Lueilwitz58@hotmail.com', 'GUD0XT5SYU4M42IP'),
(214, 'Rey', 'Stark', '1963-08-21', 'Rey.Stark63@hotmail.com', '16EEG7TJZLOARPUE'),
(215, 'Rigoberto', 'Bradtke', '1929-06-10', 'Rigoberto_Bradtke@gmail.com', 'KJQ891646SNX26OZ'),
(216, 'Gustave', 'Lynch', '1918-11-15', 'Gustave_Lynch@hotmail.com', 'FJF6FARTGXZ6IYFN'),
(217, 'Shirley', 'Roberts', '1957-08-04', 'Shirley_Roberts93@gmail.com', 'A55G3O3DYERHVOKJ'),
(218, 'August', 'Osinski', '1961-08-02', 'August.Osinski30@gmail.com', 'J1FWGJCPFKJUVAD8'),
(219, 'Casandra', 'Feil', '1964-09-20', 'Casandra.Feil@yahoo.com', '18GV5XD6P471IHSI'),
(220, 'Dudley', 'Conroy', '1949-05-11', 'Dudley_Conroy@gmail.com', 'SXTNVG9YWEJIUMWF'),
(221, 'Mattie', 'Haley', '1920-08-28', 'Mattie.Haley43@gmail.com', 'VPGO9DU9HCZIGCMX'),
(222, 'Beaulah', 'Thompson', '2002-12-25', 'Beaulah_Thompson49@gmail.com', 'LLOP694WDUA2XHLD'),
(223, 'Abbey', 'Braun-Muller', '1963-09-20', 'Abbey.Braun-Muller79@hotmail.com', 'UQYSXT1GCIWCLSNO'),
(224, 'Helen', 'Quigley', '1927-01-14', 'Helen.Quigley27@yahoo.com', 'MKMQZJ09UNJ3CQOC'),
(225, 'Yasmine', 'Durgan', '1993-07-25', 'Yasmine.Durgan@hotmail.com', 'SGZOCXL5QS2YRVN3'),
(226, 'Josie', 'Bednar', '1987-04-24', 'Josie_Bednar@yahoo.com', 'UQJCZFCDWCO1TAVK'),
(227, 'Bernard', 'Kshlerin', '2002-10-17', 'Bernard.Kshlerin10@hotmail.com', 'GG7MT76HGSKRBKEG'),
(228, 'Cleveland', 'Walter', '1927-09-06', 'Cleveland_Walter56@yahoo.com', 'PJFTC9WT45OPTTLT'),
(229, 'Clifton', 'Gottlieb', '1917-12-10', 'Clifton_Gottlieb54@hotmail.com', '5OIP8KK8EUVATISN'),
(230, 'Xander', 'Kihn', '1958-03-29', 'Xander_Kihn@hotmail.com', 'QIACZEIZ1DMDSGVJ'),
(231, 'Evelyn', 'O Keefe', '1936-04-16', 'Evelyn.OKeefe@yahoo.com', 'I6R4XQ4ES17FIQGY'),
(232, 'Brown', 'Hoppe', '1926-09-24', 'Brown_Hoppe94@hotmail.com', 'OSFRRLDMOEUGOUQG'),
(233, 'Juanita', 'Lakin', '1954-01-03', 'Juanita.Lakin@gmail.com', 'WB9AXRABG2TITNSN'),
(234, 'Luella', 'Bergstrom', '1920-06-18', 'Luella.Bergstrom@gmail.com', 'E56MTHDGOR5NJCZB'),
(235, 'Cordelia', 'West', '1922-03-20', 'Cordelia.West40@hotmail.com', 'VTFLF2J2NRNCIBE1'),
(236, 'Ana', 'Feil', '1941-12-13', 'Ana.Feil28@hotmail.com', 'DSWSAJBCOPD3RLLG'),
(237, 'Ambrose', 'Nienow', '1970-02-13', 'Ambrose_Nienow@gmail.com', 'GQCRIGDNZK1MGGWU'),
(238, 'Maxie', 'Lang', '1995-08-05', 'Maxie.Lang9@gmail.com', 'W72KAECAJHFWFFNO'),
(239, 'Lysanne', 'O Hara', '1974-02-26', 'Lysanne_OHara@hotmail.com', 'QZQNG2OZVKEIWHGC'),
(240, 'Dasia', 'Wyman', '1991-01-08', 'Dasia_Wyman27@hotmail.com', '4XWROVAQWG4VBSWR'),
(241, 'Sonia', 'Thompson', '1951-10-07', 'Sonia_Thompson@gmail.com', 'LXBFAGWYYRHP9HUE'),
(242, 'Elissa', 'Bahringer', '1939-08-21', 'Elissa_Bahringer57@gmail.com', 'GYKWVUBGZFBZMDD1'),
(243, 'Orlando', 'Bode-Sporer', '2003-09-10', 'Orlando.Bode-Sporer49@hotmail.com', 'AG2ERCXWDLSXCCIY'),
(244, 'Hershel', 'Moore', '1961-09-26', 'Hershel.Moore23@hotmail.com', 'QJWWWVSAXGJRQCB1'),
(245, 'Gabrielle', 'Ebert-O Reilly', '1999-10-10', 'Gabrielle_Ebert-OReilly50@gmail.com', 'CCRCODGEXDIEOCI7'),
(246, 'Madilyn', 'Kovacek-McGlynn', '1980-12-07', 'Madilyn.Kovacek-McGlynn97@gmail.com', 'IYNXD264K9VTO8TN'),
(247, 'Nicholaus', 'Hickle', '1965-09-05', 'Nicholaus.Hickle59@hotmail.com', 'XQAL3ZC75CX5ZLZC'),
(248, 'Merle', 'Gorczany', '1945-08-10', 'Merle_Gorczany@hotmail.com', '9W2CX2REMQC0VEWH'),
(249, 'Arely', 'Rice', '1994-07-28', 'Arely.Rice@yahoo.com', '1QX6WGQCVLCSCIHP'),
(250, 'Priscilla', 'Beatty', '1982-09-25', 'Priscilla_Beatty@hotmail.com', '8NHORAEKTD17MV0A'),
(251, 'Lucio', 'Wilderman', '1951-03-27', 'Lucio_Wilderman@yahoo.com', 'DEPIJ9WQHRMTMHRS'),
(252, 'Jarod', 'Beahan', '1957-08-07', 'Jarod_Beahan63@gmail.com', '9MU5EUZJ18LXG8SV'),
(253, 'Cale', 'Kovacek', '1918-06-06', 'Cale.Kovacek67@gmail.com', 'OA4RDHEODBJIPZ7X'),
(254, 'Tatyana', 'Witting', '1960-09-21', 'Tatyana.Witting12@gmail.com', 'HVAZLLWL6WDVOIUD'),
(255, 'Nicolas', 'Tillman', '1978-01-30', 'Nicolas_Tillman42@gmail.com', 'BPVRA5L5ACS7QNEZ'),
(256, 'Jake', 'Veum', '1982-10-26', 'Jake.Veum33@gmail.com', 'CNGZEBLDMC300PMC'),
(257, 'Leland', 'Halvorson', '1917-11-22', 'Leland.Halvorson52@gmail.com', 'FPWVVFKXYB3CWKON'),
(258, 'Vincenza', 'Wolf', '1971-11-21', 'Vincenza.Wolf@hotmail.com', 'O8RFW3ZKFWUDPBU1'),
(259, 'Angie', 'Russel', '1924-10-26', 'Angie_Russel@yahoo.com', 'EUCN2PD9BNFOFPVJ'),
(260, 'Rene', 'Konopelski', '1976-11-22', 'Rene.Konopelski@yahoo.com', 'MQHYROFK0LTMYI9J'),
(261, 'Columbus', 'Donnelly', '1941-08-15', 'Columbus_Donnelly@gmail.com', 'XBIHG5OIGGIUSFMX'),
(262, 'Eula', 'Cronin', '2002-07-19', 'Eula_Cronin@gmail.com', 'JZXWBSDG1AVNQ1CE'),
(263, 'Aron', 'Bayer', '1921-11-07', 'Aron_Bayer71@yahoo.com', 'SWPON4M2ESKB3SPL'),
(264, 'Rosemarie', 'Torphy', '1925-06-03', 'Rosemarie.Torphy40@hotmail.com', '4KWDRBGCXRBPRTEY'),
(265, 'Gilbert', 'Rohan', '1948-10-03', 'Gilbert.Rohan15@gmail.com', '0MJGSFSDREVAL7SU'),
(266, 'Buddy', 'Cormier-Medhurst', '1965-06-22', 'Buddy_Cormier-Medhurst@gmail.com', 'K8DXVMY7UYDTKSLW'),
(267, 'Rahsaan', 'Kunze-Kessler', '1920-04-27', 'Rahsaan_Kunze-Kessler@hotmail.com', 'EEPKNGFV1EXQC06A'),
(268, 'Olaf', 'Macejkovic', '1968-05-05', 'Olaf.Macejkovic21@yahoo.com', 'GAVUVPUTRPPQPTDY'),
(269, 'Brown', 'Bogisich', '1974-05-06', 'Brown.Bogisich@hotmail.com', 'XKQZJYCGS8NYRMHI'),
(270, 'Urban', 'Schoen', '1968-07-01', 'Urban.Schoen29@gmail.com', '45W8IKSEVT9JWNOT'),
(271, 'Otha', 'Metz', '1959-04-26', 'Otha.Metz@gmail.com', '8Z374NYYR0DBBWKN'),
(272, 'Verna', 'Lesch-Morissette', '1966-02-15', 'Verna_Lesch-Morissette69@hotmail.com', 'UEDZ1CES9RIKOX8J'),
(273, 'Laurine', 'Greenholt', '1971-12-03', 'Laurine.Greenholt@gmail.com', 'EAVIGYKNPZLLJF84'),
(274, 'Kristy', 'Rice', '1961-12-18', 'Kristy.Rice30@hotmail.com', 'YAOMMYOJ2EBCDHVY'),
(275, 'Mireya', 'Windler', '1981-11-20', 'Mireya.Windler48@hotmail.com', 'TKDXTUGKRFUGR6GC'),
(276, 'Adrienne', 'Schumm', '1956-11-23', 'Adrienne_Schumm@hotmail.com', 'BOT6GCNHRESRB5QT'),
(277, 'Danika', 'Schiller', '2004-10-17', 'Danika.Schiller38@hotmail.com', '2CDHZRSDENOMQMFW'),
(278, 'Rickey', 'Zboncak', '1926-08-23', 'Rickey_Zboncak2@hotmail.com', 'Z4J92LILL1YQHQD8'),
(279, 'Durward', 'Volkman', '1988-10-06', 'Durward_Volkman@yahoo.com', 'IATTMZPRLMR3VOVA'),
(280, 'Winston', 'O Keefe', '1984-12-13', 'Winston_OKeefe@yahoo.com', 'K0ZNUUTDZRK56633'),
(281, 'Estelle', 'Vandervort', '1974-11-03', 'Estelle.Vandervort99@gmail.com', 'ZINKEFIIKCYZSQL7'),
(282, 'Samara', 'Kshlerin', '1940-09-28', 'Samara.Kshlerin79@hotmail.com', 'DPAFMOFKXZFFQVCR'),
(283, 'Paige', 'Runte', '1994-11-27', 'Paige.Runte@yahoo.com', 'TTQ70XVJQR6VQX45'),
(284, 'Veda', 'Turcotte', '1921-11-29', 'Veda.Turcotte@yahoo.com', 'LSZCMQVT0VAHASRC'),
(285, 'Pearlie', 'Williamson', '1938-07-05', 'Pearlie.Williamson77@gmail.com', 'KU32D9XD5MCTBK8W'),
(286, 'Casimir', 'Langworth', '1957-08-13', 'Casimir.Langworth@hotmail.com', 'WEX3JEOHXTZOJLLP'),
(287, 'Hobart', 'Lebsack', '1939-11-13', 'Hobart.Lebsack@yahoo.com', 'FBHUXUYYYKAAHPQT'),
(288, 'Terence', 'Schroeder', '1995-05-26', 'Terence_Schroeder15@gmail.com', 'UQOHPKK5RGYKTU91'),
(289, 'Fred', 'Brakus-Schuppe', '1953-07-13', 'Fred.Brakus-Schuppe@gmail.com', 'PRRABSONFTERM8AA'),
(290, 'Camden', 'Howell', '1981-11-07', 'Camden.Howell@hotmail.com', 'WFIWUWILOUVV8QAF'),
(291, 'Marvin', 'Bradtke', '1933-08-29', 'Marvin_Bradtke91@gmail.com', '8LSNWCGXERDVTU35'),
(292, 'Sean', 'Lesch', '1917-05-30', 'Sean.Lesch96@yahoo.com', 'IGXSOCD3M8R6NRXU'),
(293, 'Eduardo', 'Dicki', '1961-04-28', 'Eduardo_Dicki@hotmail.com', 'DZWC13CULWXU6DUQ'),
(294, 'Eryn', 'O Reilly', '1941-09-14', 'Eryn.OReilly@gmail.com', 'UJ0GTFOB3QQ5BDOI'),
(295, 'Reina', 'Ritchie', '2001-09-25', 'Reina_Ritchie@yahoo.com', '3PXTIWMYXXZEJKVG'),
(296, 'Jamie', 'Beer', '1962-06-03', 'Jamie.Beer@gmail.com', 'VXX6QOTEXHDOEPFX'),
(297, 'Lane', 'Hessel', '1949-08-19', 'Lane.Hessel63@yahoo.com', 'HYLEY1HEX3CYYDIM'),
(298, 'Ashtyn', 'Kub', '1987-12-08', 'Ashtyn_Kub@gmail.com', 'VQLRICISFJLPDAPH'),
(299, 'Alene', 'O Kon', '1942-01-22', 'Alene.OKon47@yahoo.com', 'QWJTIEN7CPLBIY2D'),
(300, 'Halle', 'Rohan-Bartell', '1995-11-11', 'Halle.Rohan-Bartell@gmail.com', 'CNIGX47NTDGM6UFS');

--
-- Indici per le tabelle scaricate
--

--
-- Indici per le tabelle `Abbonamenti`
--
ALTER TABLE `Abbonamenti`
  ADD PRIMARY KEY (`id`),
  ADD KEY `id_utente` (`id_utente`),
  ADD KEY `id_corso` (`id_corso`);

--
-- Indici per le tabelle `Corsi`
--
ALTER TABLE `Corsi`
  ADD PRIMARY KEY (`id`);

--
-- Indici per le tabelle `Ingressi`
--
ALTER TABLE `Ingressi`
  ADD PRIMARY KEY (`id`),
  ADD KEY `id_utente` (`id_utente`);

--
-- Indici per le tabelle `users`
--
ALTER TABLE `users`
  ADD PRIMARY KEY (`id`),
  ADD UNIQUE KEY `email` (`email`);

--
-- Indici per le tabelle `Utenti`
--
ALTER TABLE `Utenti`
  ADD PRIMARY KEY (`id`),
  ADD UNIQUE KEY `codice_fiscale` (`codice_fiscale`),
  ADD UNIQUE KEY `email` (`email`);

--
-- AUTO_INCREMENT per le tabelle scaricate
--

--
-- AUTO_INCREMENT per la tabella `Abbonamenti`
--
ALTER TABLE `Abbonamenti`
  MODIFY `id` int NOT NULL AUTO_INCREMENT, AUTO_INCREMENT=455;

--
-- AUTO_INCREMENT per la tabella `Corsi`
--
ALTER TABLE `Corsi`
  MODIFY `id` int NOT NULL AUTO_INCREMENT, AUTO_INCREMENT=18;

--
-- AUTO_INCREMENT per la tabella `Ingressi`
--
ALTER TABLE `Ingressi`
  MODIFY `id` int NOT NULL AUTO_INCREMENT, AUTO_INCREMENT=2851;

--
-- AUTO_INCREMENT per la tabella `users`
--
ALTER TABLE `users`
  MODIFY `id` int NOT NULL AUTO_INCREMENT, AUTO_INCREMENT=2;

--
-- AUTO_INCREMENT per la tabella `Utenti`
--
ALTER TABLE `Utenti`
  MODIFY `id` int NOT NULL AUTO_INCREMENT, AUTO_INCREMENT=301;

--
-- Limiti per le tabelle scaricate
--

--
-- Limiti per la tabella `Abbonamenti`
--
ALTER TABLE `Abbonamenti`
  ADD CONSTRAINT `Abbonamenti_ibfk_1` FOREIGN KEY (`id_utente`) REFERENCES `Utenti` (`id`) ON DELETE CASCADE,
  ADD CONSTRAINT `Abbonamenti_ibfk_2` FOREIGN KEY (`id_corso`) REFERENCES `Corsi` (`id`) ON DELETE CASCADE;

--
-- Limiti per la tabella `Ingressi`
--
ALTER TABLE `Ingressi`
  ADD CONSTRAINT `Ingressi_ibfk_1` FOREIGN KEY (`id_utente`) REFERENCES `Utenti` (`id`) ON DELETE CASCADE;
COMMIT;

/*!40101 SET CHARACTER_SET_CLIENT=@OLD_CHARACTER_SET_CLIENT */;
/*!40101 SET CHARACTER_SET_RESULTS=@OLD_CHARACTER_SET_RESULTS */;
/*!40101 SET COLLATION_CONNECTION=@OLD_COLLATION_CONNECTION */;
