-- phpMyAdmin SQL Dump
-- version 5.2.2
-- https://www.phpmyadmin.net/
--
-- Host: db:3306
-- Creato il: Giu 18, 2025 alle 09:15
-- Versione del server: 8.0.42
-- Versione PHP: 8.2.27

SET SQL_MODE = "NO_AUTO_VALUE_ON_ZERO";
START TRANSACTION;
SET time_zone = "+00:00";


/*!40101 SET @OLD_CHARACTER_SET_CLIENT=@@CHARACTER_SET_CLIENT */;
/*!40101 SET @OLD_CHARACTER_SET_RESULTS=@@CHARACTER_SET_RESULTS */;
/*!40101 SET @OLD_COLLATION_CONNECTION=@@COLLATION_CONNECTION */;
/*!40101 SET NAMES utf8mb4 */;

--
-- Database: `palestra-angular`
--

-- --------------------------------------------------------

--
-- Struttura della tabella `Abbonamenti`
--

CREATE TABLE `Abbonamenti` (
  `id` int NOT NULL,
  `id_utente` int NOT NULL,
  `id_corso` int NOT NULL,
  `data_inizio` date NOT NULL,
  `durata_mesi` int NOT NULL,
  `data_fine` date GENERATED ALWAYS AS ((`data_inizio` + interval `durata_mesi` month)) STORED
) ENGINE=InnoDB DEFAULT CHARSET=utf8mb4 COLLATE=utf8mb4_0900_ai_ci;

--
-- Dump dei dati per la tabella `Abbonamenti`
--

INSERT INTO `Abbonamenti` (`id`, `id_utente`, `id_corso`, `data_inizio`, `durata_mesi`) VALUES
(1, 1, 3, '2024-08-25', 12),
(2, 2, 1, '2024-06-22', 1),
(3, 5, 2, '2024-09-27', 12),
(4, 6, 3, '2024-10-23', 1),
(5, 6, 4, '2024-11-14', 12),
(6, 8, 2, '2025-05-19', 6),
(7, 8, 1, '2025-04-15', 12),
(8, 14, 3, '2024-10-19', 6),
(9, 15, 1, '2024-06-25', 6),
(10, 17, 1, '2024-07-11', 1),
(11, 18, 2, '2024-09-02', 1),
(12, 19, 1, '2025-04-27', 6),
(13, 21, 4, '2024-10-29', 12),
(14, 22, 3, '2024-07-18', 1),
(15, 22, 2, '2025-02-11', 6),
(16, 23, 2, '2024-06-21', 12),
(17, 24, 1, '2025-04-28', 1),
(18, 25, 1, '2025-05-12', 12),
(19, 25, 3, '2024-10-25', 12),
(20, 27, 1, '2024-11-21', 6),
(21, 30, 3, '2024-08-06', 1),
(22, 31, 3, '2024-09-23', 6),
(23, 32, 1, '2024-10-13', 6),
(24, 33, 4, '2024-11-06', 6),
(25, 33, 2, '2024-08-25', 1),
(26, 35, 4, '2024-08-15', 1),
(27, 37, 3, '2024-06-27', 1),
(28, 38, 1, '2024-08-30', 1),
(29, 39, 4, '2025-05-03', 6),
(30, 40, 1, '2024-06-26', 1),
(31, 40, 4, '2025-01-07', 1),
(32, 41, 4, '2025-05-15', 6),
(33, 42, 3, '2025-05-15', 1),
(34, 43, 4, '2024-06-16', 1),
(35, 45, 4, '2025-04-02', 12),
(36, 46, 4, '2024-08-02', 1),
(37, 47, 1, '2024-11-07', 12),
(38, 49, 4, '2024-08-28', 1),
(39, 50, 3, '2024-09-16', 1),
(40, 51, 3, '2024-09-22', 6),
(41, 51, 1, '2025-05-13', 6),
(42, 52, 3, '2024-12-17', 1),
(43, 53, 1, '2024-07-10', 1),
(44, 58, 3, '2024-08-17', 6),
(45, 59, 1, '2025-05-05', 12),
(46, 60, 4, '2024-12-20', 1),
(47, 61, 2, '2025-04-09', 6),
(48, 64, 4, '2024-07-11', 1),
(49, 67, 2, '2024-09-09', 6),
(50, 67, 1, '2024-08-07', 1),
(51, 70, 4, '2024-10-06', 1),
(52, 71, 4, '2024-12-13', 1),
(53, 73, 3, '2025-05-05', 6),
(54, 74, 2, '2024-11-29', 6),
(55, 75, 4, '2024-11-05', 12),
(56, 76, 4, '2024-11-25', 1),
(57, 80, 4, '2024-10-22', 6),
(58, 82, 3, '2025-04-17', 1),
(59, 83, 4, '2025-02-18', 1),
(60, 83, 1, '2024-12-24', 1),
(61, 85, 4, '2025-01-21', 6),
(62, 85, 3, '2024-07-11', 1),
(63, 86, 4, '2024-09-27', 12),
(64, 88, 4, '2025-02-21', 12),
(65, 92, 2, '2025-01-04', 6),
(66, 93, 1, '2025-01-27', 12),
(67, 93, 3, '2025-06-02', 1),
(68, 94, 1, '2025-03-13', 12),
(69, 95, 1, '2024-09-10', 6),
(70, 96, 4, '2024-10-05', 1),
(71, 98, 1, '2025-03-04', 6),
(72, 100, 3, '2024-08-27', 6),
(73, 101, 4, '2024-08-17', 1),
(74, 106, 2, '2025-02-10', 12),
(75, 106, 4, '2024-07-18', 6),
(76, 108, 1, '2025-04-24', 1),
(77, 111, 2, '2024-12-18', 6),
(78, 113, 1, '2025-06-05', 1),
(79, 118, 2, '2025-01-08', 6),
(80, 121, 4, '2025-03-19', 6),
(81, 122, 4, '2025-02-01', 12),
(82, 123, 2, '2024-08-11', 6),
(83, 127, 3, '2024-10-25', 12),
(84, 131, 3, '2024-09-27', 1),
(85, 133, 1, '2024-11-24', 6),
(86, 134, 1, '2024-09-06', 1),
(87, 134, 3, '2024-11-07', 6),
(88, 136, 4, '2024-09-15', 6),
(89, 136, 2, '2024-09-03', 1),
(90, 140, 1, '2025-03-12', 6),
(91, 144, 3, '2024-09-14', 1),
(92, 146, 1, '2024-12-21', 6),
(93, 147, 4, '2024-08-11', 1),
(94, 147, 2, '2024-07-27', 6),
(95, 151, 2, '2025-03-23', 6),
(96, 153, 4, '2025-02-25', 12),
(97, 158, 1, '2024-11-20', 6),
(98, 160, 4, '2025-03-30', 12),
(99, 161, 1, '2024-12-29', 6),
(100, 163, 2, '2025-03-16', 6),
(101, 167, 1, '2024-07-17', 1),
(102, 169, 1, '2024-11-08', 12),
(103, 171, 3, '2025-01-03', 12),
(104, 173, 2, '2024-08-23', 1),
(105, 175, 4, '2024-11-29', 6),
(106, 176, 1, '2024-11-09', 6),
(107, 177, 3, '2025-03-31', 12),
(108, 184, 4, '2024-12-28', 12),
(109, 185, 4, '2024-12-29', 6),
(110, 187, 1, '2024-08-24', 12),
(111, 190, 1, '2025-05-21', 12),
(112, 191, 2, '2025-03-24', 12),
(113, 198, 2, '2024-09-21', 12),
(114, 208, 2, '2024-09-05', 1),
(115, 209, 1, '2025-03-31', 12),
(116, 215, 1, '2025-04-08', 6),
(117, 218, 2, '2024-06-21', 6),
(118, 219, 4, '2025-05-13', 12),
(119, 220, 1, '2025-06-03', 1),
(120, 221, 1, '2024-08-28', 1),
(121, 223, 2, '2024-10-12', 1),
(122, 226, 4, '2024-12-31', 1),
(123, 227, 2, '2025-02-05', 12),
(124, 230, 4, '2025-05-01', 6),
(125, 233, 2, '2025-02-21', 6),
(126, 238, 1, '2024-08-09', 12),
(127, 252, 4, '2025-04-01', 12),
(128, 254, 2, '2025-01-03', 1),
(129, 254, 4, '2024-11-23', 12),
(130, 255, 3, '2025-01-19', 12),
(131, 260, 1, '2024-12-03', 6),
(132, 263, 4, '2025-01-25', 12),
(133, 264, 1, '2024-08-25', 1),
(134, 265, 2, '2025-03-05', 12),
(135, 268, 1, '2025-04-20', 12),
(136, 269, 3, '2025-02-01', 12),
(137, 270, 3, '2024-07-07', 6),
(138, 275, 1, '2024-12-15', 6),
(139, 278, 1, '2024-08-01', 1),
(140, 279, 3, '2024-10-27', 1),
(141, 280, 3, '2025-02-25', 1),
(142, 281, 2, '2024-07-27', 12),
(143, 282, 1, '2024-10-18', 6),
(144, 282, 4, '2025-03-11', 6),
(145, 283, 2, '2024-06-16', 1),
(146, 287, 1, '2024-09-24', 12),
(147, 288, 2, '2024-10-10', 1),
(148, 296, 1, '2024-11-18', 6),
(149, 300, 3, '2024-07-31', 12),
(150, 301, 9, '2025-04-29', 1),
(151, 301, 2, '2025-04-10', 6),
(152, 302, 2, '2025-03-05', 1),
(153, 304, 12, '2025-04-18', 1),
(154, 304, 2, '2024-07-10', 12),
(155, 305, 8, '2025-04-19', 6),
(156, 306, 5, '2025-01-10', 12),
(157, 308, 6, '2024-11-20', 12),
(158, 308, 1, '2025-06-11', 6),
(159, 310, 10, '2025-04-11', 6),
(160, 310, 4, '2025-04-26', 1),
(161, 311, 2, '2024-09-10', 12),
(162, 312, 10, '2024-10-31', 1),
(163, 312, 11, '2024-12-28', 12),
(164, 313, 5, '2024-08-20', 1),
(165, 314, 12, '2024-06-24', 1),
(166, 314, 5, '2024-11-11', 1),
(167, 315, 7, '2024-06-23', 1),
(168, 315, 4, '2024-12-19', 1),
(169, 316, 4, '2024-12-16', 6),
(170, 316, 10, '2024-12-07', 1),
(171, 317, 5, '2024-08-28', 12),
(172, 317, 6, '2025-04-04', 6),
(173, 319, 1, '2024-08-17', 1),
(174, 319, 10, '2024-10-27', 1),
(175, 320, 11, '2024-10-14', 12),
(176, 320, 9, '2024-11-12', 1),
(177, 321, 10, '2024-12-11', 6),
(178, 321, 8, '2025-02-10', 12),
(179, 322, 7, '2024-07-23', 6),
(180, 323, 6, '2025-04-08', 1),
(181, 324, 2, '2024-07-02', 12),
(182, 324, 3, '2024-07-24', 6),
(183, 325, 7, '2024-08-07', 12),
(184, 325, 5, '2024-09-26', 6),
(185, 326, 7, '2024-09-13', 12),
(186, 327, 1, '2024-08-02', 12),
(187, 327, 11, '2024-08-21', 1),
(188, 329, 5, '2024-08-03', 6),
(189, 113, 1, '2025-08-07', 1);

-- --------------------------------------------------------

--
-- Struttura della tabella `Corsi`
--

CREATE TABLE `Corsi` (
  `id` int NOT NULL,
  `nome_corso` varchar(50) NOT NULL,
  `descrizione` text,
  `durata_mesi_default` int DEFAULT NULL
) ENGINE=InnoDB DEFAULT CHARSET=utf8mb4 COLLATE=utf8mb4_0900_ai_ci;

--
-- Dump dei dati per la tabella `Corsi`
--

INSERT INTO `Corsi` (`id`, `nome_corso`, `descrizione`, `durata_mesi_default`) VALUES
(1, 'Arti Marziali', 'Corso base - durata 1 mese', 1),
(2, 'MMA', 'Mixed Martial Arts - durata 1 mese', 1),
(3, 'Sala Pesi', 'Allenamento pesi - durata 1 mese', 1),
(4, 'Cross-training', 'Funzionale - durata 1 mese', 1),
(5, 'Arti Marziali', 'Corso intermedio - durata 6 mesi', 6),
(6, 'MMA', 'Mixed Martial Arts - durata 6 mesi', 6),
(7, 'Sala Pesi', 'Allenamento Pesi - durata 6 mesi', 6),
(8, 'Cross-training', 'Funzionale - durata 6 mesi', 6),
(9, 'Arti Marziali', 'Corso avanzato - durata 12 mesi', 12),
(10, 'MMA', 'Mixed Martial Arts - durata 12 mesi', 12),
(11, 'Sala Pesi', 'Allenamento Pesi - durata 12 mesi', 12),
(12, 'Cross-training', 'Funzionale - durata 12 mesi', 12);

-- --------------------------------------------------------

--
-- Struttura della tabella `Ingressi`
--

CREATE TABLE `Ingressi` (
  `id` int NOT NULL,
  `id_utente` int NOT NULL,
  `data_ora` datetime NOT NULL DEFAULT CURRENT_TIMESTAMP
) ENGINE=InnoDB DEFAULT CHARSET=utf8mb4 COLLATE=utf8mb4_0900_ai_ci;

--
-- Dump dei dati per la tabella `Ingressi`
--

INSERT INTO `Ingressi` (`id`, `id_utente`, `data_ora`) VALUES
(1, 1, '2025-01-08 23:05:39'),
(2, 1, '2025-02-07 11:56:51'),
(3, 1, '2025-04-05 23:49:51'),
(4, 1, '2025-03-12 10:35:21'),
(5, 1, '2025-05-14 01:46:09'),
(6, 1, '2024-12-28 01:13:00'),
(7, 1, '2025-02-16 04:53:10'),
(8, 2, '2025-01-14 12:25:36'),
(9, 2, '2025-02-26 12:44:27'),
(10, 2, '2025-05-31 03:28:38'),
(11, 2, '2025-01-20 19:01:10'),
(12, 2, '2025-06-07 15:59:38'),
(13, 2, '2025-06-02 08:40:20'),
(14, 2, '2025-01-23 04:03:50'),
(15, 2, '2025-01-25 02:12:28'),
(16, 2, '2025-03-07 00:58:20'),
(17, 2, '2025-05-27 06:25:03'),
(18, 3, '2025-02-22 10:28:08'),
(19, 3, '2025-04-20 18:48:56'),
(20, 4, '2025-01-25 11:28:04'),
(21, 239, '2025-06-17 15:15:53'),
(22, 254, '2025-06-17 11:10:00'),
(23, 341, '2025-06-17 15:12:22'),
(24, 485, '2025-06-17 11:06:00'),
(25, 487, '2025-06-15 11:05:57'),
(26, 489, '2025-06-16 11:06:00'),
(27, 493, '2025-06-17 11:08:00'),
(28, 3799, '2025-06-13 11:04:25');

-- --------------------------------------------------------

--
-- Struttura della tabella `users`
--

CREATE TABLE `users` (
  `id` int NOT NULL,
  `email` varchar(255) NOT NULL,
  `password` varchar(255) NOT NULL,
  `nome` varchar(255) NOT NULL,
  `created_at` timestamp NULL DEFAULT CURRENT_TIMESTAMP
) ENGINE=InnoDB DEFAULT CHARSET=utf8mb4 COLLATE=utf8mb4_0900_ai_ci;

--
-- Dump dei dati per la tabella `users`
--

INSERT INTO `users` (`id`, `email`, `password`, `nome`, `created_at`) VALUES
(1, 'admin@palestra.com', '$2b$10$0g7x6QE/L1wMCBdFRztZxO.OKBJyERksH7LzWI0P5u5/ioqzEA/9K', 'Admin', '2025-06-17 09:30:26');

-- --------------------------------------------------------

--
-- Struttura della tabella `Utenti`
--

CREATE TABLE `Utenti` (
  `id` int NOT NULL,
  `nome` varchar(50) NOT NULL,
  `cognome` varchar(50) NOT NULL,
  `data_nascita` date NOT NULL,
  `email` varchar(100) DEFAULT NULL,
  `codice_fiscale` varchar(16) NOT NULL
) ENGINE=InnoDB DEFAULT CHARSET=utf8mb4 COLLATE=utf8mb4_0900_ai_ci;

--
-- Dump dei dati per la tabella `Utenti`
--

INSERT INTO `Utenti` (`id`, `nome`, `cognome`, `data_nascita`, `email`, `codice_fiscale`) VALUES
(1, 'Admin', 'Palestra', '2007-11-05', 'admin@palestra.com', '9A6DHDY6CQXDAL1J'),
(2, 'Rashawn', 'Gulgowski', '2004-08-10', 'Rashawn.Gulgowski67@hotmail.com', 'EWRX42WIFAKCFBSZ'),
(3, 'Genevieve', 'McCullough', '2003-03-31', 'Genevieve_McCullough@hotmail.com', 'FKJMQPWW8LQXV0AQ'),
(4, 'Hannah', 'Morar', '1985-08-27', 'Hannah.Morar@hotmail.com', 'JVAPNLBGUPUZBXAE'),
(5, 'Dahlia', 'Ledner', '1992-08-22', 'Dahlia_Ledner@yahoo.com', 'J2VYUBVYIL0ATINT'),
(6, 'Milan', 'Schuppe', '1983-06-06', 'Milan.Schuppe27@yahoo.com', 'HGT2EPVH2JFRZZPY'),
(7, 'Florida', 'Gusikowski', '1982-12-06', 'Florida_Gusikowski@yahoo.com', '02YDD4VLXEYICAI9'),
(8, 'Abagail', 'Hansen', '2002-11-16', 'Abagail_Hansen93@hotmail.com', 'GK92RS0R8RGA2QK2'),
(9, 'Anderson', 'Moen', '1998-02-11', 'Anderson.Moen40@gmail.com', 'VRAQGWSIK3D71GM5'),
(10, 'Corrine', 'Denesik', '1999-02-15', 'Corrine_Denesik@hotmail.com', 'GESY0SENALVPLJPS'),
(11, 'Ruthe', 'Stanton', '1996-12-26', 'Ruthe.Stanton49@yahoo.com', 'QFQINRWJEPHTZTZY'),
(12, 'Muhammad', 'Okuneva', '1977-11-16', 'Muhammad_Okuneva49@yahoo.com', 'IYZJF1XRF8APX9BB'),
(13, 'Jaden', 'Effertz', '1984-01-04', 'Jaden.Effertz@hotmail.com', 'FDCYYR3LZBCBLINV'),
(14, 'Kayli', 'Dach', '1988-01-31', 'Kayli.Dach14@hotmail.com', 'IOOWKRLNAIFPYI5T'),
(15, 'Kari', 'Reilly', '1992-07-31', 'Kari.Reilly@gmail.com', 'TDDZJOORBIQDPEXL'),
(16, 'Jayme', 'Marks', '1975-12-17', 'Jayme_Marks89@hotmail.com', '7PUH4D6LUA2JTRDJ'),
(17, 'Carey', 'Schiller', '1988-12-31', 'Carey_Schiller@hotmail.com', 'F08I0OUGOHAQ7TLY'),
(18, 'Jewel', 'Howell', '1985-05-25', 'Jewel.Howell@yahoo.com', 'WRWA5K6DMLOEOKT0'),
(19, 'Richard', 'Fahey', '1984-10-03', 'Richard_Fahey97@hotmail.com', '1MDZ3CNZKYSRALYM'),
(20, 'Yvette', 'Miller', '1998-10-13', 'Yvette.Miller95@gmail.com', 'ZHWPBPDKKLO0RUCE'),
(21, 'Dorothy', 'Doyle', '1975-01-20', 'Dorothy.Doyle96@gmail.com', 'R1Q3OSWDGPHOEB7G'),
(22, 'Albertha', 'Hilll-Russel', '1997-11-26', 'Albertha_Hilll-Russel2@gmail.com', 'WGP1NLIJSZGGTVYH'),
(23, 'Jade', 'O\'Hara', '1981-11-18', 'Jade.OHara@hotmail.com', 'PHAJQQSISCSSY3CE'),
(24, 'Jermaine', 'Kohler', '1981-06-25', 'Jermaine.Kohler68@yahoo.com', '2LSB5KHLGX6UBNGJ'),
(25, 'Allison', 'Sawayn', '1979-08-03', 'Allison_Sawayn@hotmail.com', 'KYNYXBXFY4GVF2D7'),
(26, 'Llewellyn', 'Green', '1994-04-20', 'Llewellyn_Green@yahoo.com', 'CYBHG3JYEUM3VOZR'),
(27, 'Tressa', 'O\'Connell', '1984-11-22', 'Tressa.OConnell@hotmail.com', 'IIRAIGWEEYGVMOLD'),
(28, 'Tristin', 'Von', '1975-04-23', 'Tristin_Von52@yahoo.com', 'YGHQ2VNRW4IVH3PR'),
(29, 'Marcia', 'Ernser', '1994-08-21', 'Marcia.Ernser@gmail.com', 'O1N2OMA4ZSRSUGNT'),
(30, 'Abe', 'Skiles', '1982-03-27', 'Abe_Skiles@yahoo.com', 'QGOCUKZMLYTBQ7XV'),
(31, 'Hosea', 'Davis', '1980-08-20', 'Hosea.Davis@gmail.com', 'RQ4V0EKPA4LXR4DM'),
(32, 'Reva', 'Hermiston', '1995-08-03', 'Reva_Hermiston77@hotmail.com', 'FOURDPZZTKVLXZHG'),
(33, 'Buddy', 'Cartwright', '2003-01-23', 'Buddy.Cartwright28@hotmail.com', 'FJX0R8QU5AIYYH7D'),
(34, 'Marcel', 'Jones', '1994-07-02', 'Marcel_Jones3@gmail.com', 'JPVMTVAVRTWGUPTG'),
(35, 'Thalia', 'Hyatt', '1995-01-16', 'Thalia_Hyatt@gmail.com', '8QXG4EJNRIVLDIJZ'),
(36, 'Vernie', 'Bergnaum', '2002-04-18', 'Vernie_Bergnaum59@hotmail.com', 'LTC1FB3FFYTNPWPY'),
(37, 'Sadye', 'Sporer', '1975-06-10', 'Sadye_Sporer23@hotmail.com', '0O2QVYD03XCPYSGJ'),
(38, 'Marian', 'Wehner', '1979-04-13', 'Marian_Wehner55@yahoo.com', 'XCVVJSKH2QHY072U'),
(39, 'Olga', 'Turner', '1976-12-10', 'Olga.Turner58@yahoo.com', 'D2BPOWSDC4WQ90HP'),
(40, 'Evan', 'Nitzsche', '1997-07-19', 'Evan_Nitzsche7@yahoo.com', 'NZWFSUTPWJFADZB0'),
(41, 'Yazmin', 'Little', '1989-04-21', 'Yazmin_Little30@gmail.com', 'X0OFLLRSQDYVS439'),
(42, 'Brannon', 'Keebler', '1986-06-26', 'Brannon_Keebler@yahoo.com', '6AQBZHK22Z1QEONJ'),
(43, 'Michaela', 'Kshlerin', '1977-01-22', 'Michaela.Kshlerin74@yahoo.com', 'LZBPG4BDTKJ2KSXY'),
(44, 'Helen', 'Metz', '1976-05-20', 'Helen.Metz@gmail.com', '7W8U7VILIWQIILQH'),
(45, 'Justus', 'Johns', '1994-05-04', 'Justus.Johns63@yahoo.com', '9B8UMNZ3CADOJR4I'),
(46, 'Eric', 'Braun', '1977-10-27', 'Eric_Braun72@hotmail.com', 'ZMHU9EQMGBTW9JY0'),
(47, 'Melody', 'Lynch', '1991-04-12', 'Melody_Lynch24@yahoo.com', 'LDPUWA09CU6ZGM9Q'),
(48, 'Evalyn', 'Romaguera', '1976-08-10', 'Evalyn_Romaguera@hotmail.com', 'MMPBTTIAJMUSNDNI'),
(49, 'Wilber', 'Hayes', '1992-05-31', 'Wilber_Hayes@yahoo.com', 'WV4VQBLAVHP1AGR3'),
(50, 'Lonie', 'Halvorson', '2002-01-30', 'Lonie.Halvorson52@yahoo.com', 'AD4EVHNS5VW1UCF4'),
(51, 'Micah', 'Walter', '1980-11-11', 'Micah.Walter@hotmail.com', '8C7FQSHCEUHRHHST'),
(52, 'Landen', 'Wisoky', '2002-08-12', 'Landen_Wisoky@yahoo.com', 'XTLJAN81TAV0TAJN'),
(53, 'Destany', 'Kemmer', '1980-07-29', 'Destany_Kemmer@gmail.com', 'DHAE21O4QA0EYFRL'),
(54, 'Larue', 'Bednar', '2000-12-10', 'Larue.Bednar98@gmail.com', 'TAAZEAPNCQ0L16KP'),
(55, 'Carolyn', 'Kovacek', '2002-01-22', 'Carolyn_Kovacek36@gmail.com', 'CAHBPYCSZGKTI0N2'),
(56, 'Breanne', 'Leannon', '1981-04-21', 'Breanne.Leannon@hotmail.com', '0T5OUMAB1PN5ESFC'),
(57, 'Ernie', 'Bosco', '1989-07-09', 'Ernie_Bosco@gmail.com', 'VGBLOJCJW3E9HK8L'),
(58, 'Kendrick', 'Ward', '1993-11-25', 'Kendrick.Ward69@hotmail.com', 'XZ5A8QNAXSZLLYEH'),
(59, 'Kenneth', 'Hilpert', '1983-12-27', 'Kenneth_Hilpert@yahoo.com', 'TAXNBMO048WK8JX3'),
(60, 'Lucious', 'Sanford', '2002-06-21', 'Lucious_Sanford38@yahoo.com', 'QZB7REGAVFEEX7RM'),
(61, 'Maxie', 'Sipes', '2003-09-21', 'Maxie_Sipes81@gmail.com', 'FJOSGLVTE1GT8VGD'),
(62, 'Damian', 'Mitchell', '1998-11-03', 'Damian.Mitchell63@hotmail.com', 'P5YYDU2BNNLHJJNN'),
(63, 'Suzanne', 'Rutherford', '1977-02-14', 'Suzanne_Rutherford@yahoo.com', 'NKHYW617HHAL8TJ5'),
(64, 'Sean', 'Beahan', '1985-02-26', 'Sean.Beahan27@yahoo.com', 'FCWAL73JKELDHLKH'),
(65, 'Jerad', 'Rosenbaum', '1982-10-13', 'Jerad_Rosenbaum30@yahoo.com', 'SU9JO4M8LD9ASFYS'),
(66, 'Beryl', 'Corwin', '1992-02-08', 'Beryl.Corwin87@gmail.com', 'USVSTV241O0GTLSO'),
(67, 'Eugenia', 'Dare', '1979-02-05', 'Eugenia_Dare43@gmail.com', '8IY8WPD1YGL0MI5R'),
(68, 'Makayla', 'Zulauf', '1997-09-22', 'Makayla.Zulauf16@yahoo.com', 'PZ4OK8EG3ZMIQRRH'),
(69, 'Jarrod', 'Terry-Koch', '1983-04-04', 'Jarrod_Terry-Koch@hotmail.com', '4ELSYHLFBFLDSN2B'),
(70, 'Dalton', 'Bergnaum', '1985-03-04', 'Dalton.Bergnaum23@gmail.com', '2LHSOILS8TTHACE5'),
(71, 'Joaquin', 'Huels', '1985-12-03', 'Joaquin_Huels@hotmail.com', 'L2VTMCMILHATNXO7'),
(72, 'Jacinthe', 'Reinger', '2003-06-22', 'Jacinthe_Reinger@gmail.com', 'QAYXQTKC4UZA65UH'),
(73, 'Nelda', 'Block', '1983-06-13', 'Nelda_Block1@yahoo.com', 'O1RMVPU7SMN549GD'),
(74, 'Raven', 'Collins', '2003-12-14', 'Raven_Collins@hotmail.com', 'S5NQPKWAWNZU9UXA'),
(75, 'Gretchen', 'Muller', '2003-02-03', 'Gretchen_Muller35@gmail.com', 'C7LKJUIAAF4QTC1I'),
(76, 'Cassandre', 'Casper', '1987-04-09', 'Cassandre_Casper33@yahoo.com', 'MLGJ5FD52HIT5FXN'),
(77, 'Katlyn', 'Frami', '2000-07-27', 'Katlyn.Frami@hotmail.com', 'GTUJALZSUFRDOKAG'),
(78, 'Missouri', 'Jenkins', '1997-09-13', 'Missouri_Jenkins@hotmail.com', 'VE52WHNXPVSBBPUZ'),
(79, 'Gracie', 'Batz', '2001-10-22', 'Gracie_Batz@yahoo.com', 'F7YP6UTGEFQYFZ6J'),
(80, 'Isadore', 'Steuber', '2004-08-21', 'Isadore_Steuber27@hotmail.com', 'AOP5OGYBSPUZOJAS'),
(81, 'Katheryn', 'Franey', '1984-02-15', 'Katheryn_Franey@hotmail.com', 'LFZXJPQJ6QDEKYZB'),
(82, 'Zora', 'Rutherford', '1978-12-19', 'Zora.Rutherford@hotmail.com', 'CO1JFG1OBCAFJZND'),
(83, 'Vida', 'Bednar', '1976-11-12', 'Vida_Bednar24@yahoo.com', 'PAAJZJJXYOI1JVIE'),
(84, 'Dina', 'Goldner', '1976-03-17', 'Dina.Goldner@gmail.com', 'RGF9QAMGPX4VIXZS'),
(85, 'Vincenza', 'O\'Kon', '1991-07-25', 'Vincenza.OKon@gmail.com', 'VGY3YVJDUEVJFEPF'),
(86, 'Delpha', 'Senger', '1985-03-20', 'Delpha_Senger@gmail.com', 'KXKAUOL6ARBA6MJB'),
(87, 'Nick', 'Reinger', '1991-08-09', 'Nick.Reinger72@gmail.com', 'FITGUVXQPJ232JOH'),
(88, 'Tressa', 'Romaguera', '1987-05-01', 'Tressa_Romaguera40@hotmail.com', '8TPBPMAR58BJ9PGT'),
(89, 'Ahmed', 'Schiller', '1980-02-28', 'Ahmed.Schiller28@gmail.com', '47ZD7O74HFZZPB1I'),
(90, 'Brooks', 'Spencer', '1993-06-05', 'Brooks_Spencer59@yahoo.com', 'K3YSGAVRHRSFPZ4K'),
(91, 'Cordia', 'O\'Connell', '1979-11-18', 'Cordia.OConnell38@hotmail.com', 'EWW6GB24Y5TCLXFS'),
(92, 'Stephon', 'Wisozk', '1996-05-22', 'Stephon_Wisozk96@gmail.com', 'APFHVH9Y7TVG6EXS'),
(93, 'Talia', 'Bogisich', '1993-10-19', 'Talia_Bogisich69@hotmail.com', 'EME9EE3CMNYFJAN8'),
(94, 'Jameson', 'Schaden', '1990-09-19', 'Jameson.Schaden@gmail.com', 'TD0FORMBHYGX7HQ1'),
(95, 'Icie', 'Weimann', '1997-05-05', 'Icie_Weimann52@gmail.com', 'J6VEC9Y7ODKDWP5T'),
(96, 'Brendon', 'O\'Conner', '1980-09-23', 'Brendon_OConner10@hotmail.com', 'ZVQYQUWM5XLLSVHQ'),
(97, 'Dallas', 'Toy', '2004-06-01', 'Dallas_Toy75@hotmail.com', 'WS53S1ZCASOWJANK'),
(98, 'Myah', 'Hahn', '1997-08-09', 'Myah_Hahn@yahoo.com', 'LKQNIPOOCCXN4MUJ'),
(99, 'Juliana', 'Gottlieb', '1989-06-13', 'Juliana.Gottlieb14@yahoo.com', 'JMONNZYJVX7YVYMP'),
(100, 'Lelah', 'Abbott', '1984-01-16', 'Lelah.Abbott14@hotmail.com', 'P6P80ZWS44PHQWBR'),
(101, 'Norris', 'Goodwin', '1989-11-06', 'Norris.Goodwin@hotmail.com', 'OTXSPMNHSPRFF3PI'),
(102, 'Fritz', 'O\'Hara', '1993-09-18', 'Fritz.OHara18@gmail.com', 'G6QPFNTUEEWC9PRN'),
(103, 'Carol', 'Koch', '1997-10-07', 'Carol.Koch34@gmail.com', 'AKA7L37RKI70GGCZ'),
(104, 'Eda', 'Cummerata', '1996-09-01', 'Eda_Cummerata0@gmail.com', 'IV4XQUBXJK2TLYG8'),
(105, 'Halle', 'Blick', '1984-01-29', 'Halle.Blick0@hotmail.com', 'XCBIEHZOMEAJRRBI'),
(106, 'Kylie', 'Kulas', '1998-07-03', 'Kylie_Kulas37@hotmail.com', 'ASVGNW3T9RMWO0RJ'),
(107, 'Marcelina', 'Emard', '2000-12-26', 'Marcelina_Emard@gmail.com', 'HX1PGLVRCP49DLJL'),
(108, 'Janice', 'Stark', '1988-03-11', 'Janice_Stark77@yahoo.com', 'RXNDX1B5DWM5DHO7'),
(109, 'Misael', 'Walsh', '1988-12-24', 'Misael_Walsh53@hotmail.com', 'T2JWYZVLSNSIFVVV'),
(110, 'Karen', 'Herzog', '1987-10-01', 'Karen_Herzog47@yahoo.com', 'WD6VQ9NZ6GUUNCUR'),
(111, 'Dameon', 'Keeling', '2000-09-09', 'Dameon_Keeling12@yahoo.com', 'PQI4KFXLBJ86KNLF'),
(112, 'Jayce', 'Gerlach', '1997-01-16', 'Jayce_Gerlach64@yahoo.com', 'OHGOXH9FLCGQIP4D'),
(113, 'Anjali', 'Robel', '1997-10-17', 'Anjali_Robel@gmail.com', 'PH9RD4OID4IOIHZT'),
(114, 'Brandt', 'Fadel', '1975-05-09', 'Brandt_Fadel@gmail.com', 'NRNIADP6XO7SEW8Z'),
(115, 'Brent', 'Farrell', '1991-07-06', 'Brent.Farrell@gmail.com', 'LC0SZ1S5L5SZSQMH'),
(116, 'Laura', 'Goyette', '1987-03-09', 'Laura.Goyette52@hotmail.com', 'DHVBSSBAKDITXVXJ'),
(117, 'Brady', 'Schaden', '1984-03-02', 'Brady.Schaden44@gmail.com', 'T2MZVFXMQWW9RK5C'),
(118, 'Lori', 'Harvey', '2004-02-23', 'Lori.Harvey@gmail.com', 'V4ZLJCZARARG0NXF'),
(119, 'Reilly', 'Armstrong', '1984-11-18', 'Reilly_Armstrong11@yahoo.com', '0PBV0OBXOD90GLUS'),
(120, 'David', 'Walker', '1983-08-06', 'David.Walker@yahoo.com', 'FKO8JMMGHXFSFL9Q'),
(121, 'Sterling', 'Schuppe', '1978-06-20', 'Sterling_Schuppe50@yahoo.com', '10CXHBMQ1TVUTEC0'),
(122, 'Lola', 'Abernathy', '1977-04-14', 'Lola_Abernathy@yahoo.com', 'J3YICET51WQDJBSS'),
(123, 'Nicole', 'Reilly', '1982-01-30', 'Nicole_Reilly10@gmail.com', 'NBZZOVOPDIVJ1VDY'),
(124, 'Abby', 'Kuhic', '1983-04-24', 'Abby_Kuhic74@gmail.com', 'TUZE3ZZNTAQCTIJ2'),
(125, 'Stanley', 'Hayes', '1988-09-28', 'Stanley.Hayes84@hotmail.com', 'NIISUSWYTKVGDBHS'),
(126, 'Connie', 'Willms', '2002-09-10', 'Connie.Willms@hotmail.com', 'DLNXJPW4HSCOTEPX'),
(127, 'Antoinette', 'Ebert', '2001-05-06', 'Antoinette.Ebert@gmail.com', 'NCX1QRQQRSUIXCJJ'),
(128, 'Kellie', 'Runolfsson', '1989-10-26', 'Kellie_Runolfsson@yahoo.com', '3IERYAD172CA3LHT'),
(129, 'Reuben', 'Oberbrunner', '1990-05-08', 'Reuben.Oberbrunner94@yahoo.com', 'PAYGQVDMB4N9XQQA'),
(130, 'Katherine', 'Heidenreich', '2000-06-20', 'Katherine_Heidenreich@gmail.com', 'PODW3BYV8QS974RH'),
(131, 'Issac', 'Kuhn', '1980-04-13', 'Issac.Kuhn@yahoo.com', 'AXL6HSX7RGEALNBK'),
(132, 'Cheyenne', 'Fritsch', '1997-07-04', 'Cheyenne_Fritsch71@gmail.com', 'GRWXN4MXRX5MZY9W'),
(133, 'Josie', 'Blanda', '1985-07-22', 'Josie_Blanda64@yahoo.com', '352XI3VH1NFQ0PDK'),
(134, 'Calista', 'Feest', '1992-05-05', 'Calista_Feest@hotmail.com', 'DUNBKJ6L4ZK9HA5T'),
(135, 'Bertrand', 'Christiansen', '2000-11-09', 'Bertrand.Christiansen@hotmail.com', '0LJY4EUXCGUNG2WL'),
(136, 'Annie', 'Schowalter', '1990-11-11', 'Annie_Schowalter38@yahoo.com', 'HQPOF5P0SPQODZZY'),
(137, 'Yvonne', 'Yost', '1984-12-25', 'Yvonne_Yost87@hotmail.com', 'FICAJ61QC3FWCJDQ'),
(138, 'Tyson', 'Schumm', '1989-02-10', 'Tyson_Schumm52@gmail.com', '5YOE6RDU5XI30HIE'),
(139, 'Korey', 'Rutherford', '2002-05-11', 'Korey_Rutherford83@gmail.com', 'NM6REWH1EBTAZICT'),
(140, 'Porter', 'Cartwright', '2004-03-21', 'Porter_Cartwright@gmail.com', 'KUWTU4BO7DWQIAYD'),
(141, 'Mina', 'Cartwright', '1996-10-04', 'Mina_Cartwright46@yahoo.com', 'B34K93TQD3NANBTD'),
(142, 'George', 'Auer', '1995-07-07', 'George.Auer@gmail.com', 'COVW4SZPJ0QD9HV1'),
(143, 'Harold', 'McKenzie', '1978-01-11', 'Harold.McKenzie45@gmail.com', 'XLJKATPOPDBJOU6G'),
(144, 'Hayley', 'Zboncak', '1977-02-07', 'Hayley.Zboncak@gmail.com', 'DICCULPD3XLNINH8'),
(145, 'Joany', 'Hayes', '1976-03-25', 'Joany.Hayes41@yahoo.com', 'PXVM7NFYERD6XIA2'),
(146, 'Bernadette', 'McGlynn', '1975-12-21', 'Bernadette.McGlynn2@hotmail.com', 'ZO6COVRB2PTX1KOQ'),
(147, 'Adella', 'Halvorson', '1995-05-02', 'Adella.Halvorson@hotmail.com', 'Y2ILQCI64ROMQZCL'),
(148, 'Brent', 'Hoppe', '1990-10-12', 'Brent.Hoppe@yahoo.com', 'F6SOFKDOFAM8YS9H'),
(149, 'Marcia', 'Zulauf', '2003-10-06', 'Marcia.Zulauf91@yahoo.com', 'FQNLE68JA6Q7UEYG'),
(150, 'Alize', 'Luettgen', '1994-09-18', 'Alize.Luettgen94@hotmail.com', '6TH73IXATAUP4ZYM'),
(151, 'Lisa', 'Stamm', '2002-10-11', 'Lisa.Stamm66@hotmail.com', 'XWS0EQDHW39T6U26'),
(152, 'Lurline', 'Moen', '2004-09-21', 'Lurline.Moen@hotmail.com', 'NB6DWSIPFBWE2JUA'),
(153, 'Alisa', 'Kreiger', '1990-10-07', 'Alisa_Kreiger@hotmail.com', 'PDNVOIFQYYMGCTRC'),
(154, 'Jennifer', 'Reilly', '1981-01-28', 'Jennifer_Reilly@gmail.com', 'AHAESVYMP7HOY1H7'),
(155, 'Billy', 'Franey', '2000-10-24', 'Billy_Franey@yahoo.com', 'H5AS9KEXMFCVOTNK'),
(156, 'Leora', 'Franey', '1998-03-16', 'Leora_Franey@yahoo.com', '9HH1LFIMADRHYIQX'),
(157, 'Jake', 'Nicolas', '1984-04-09', 'Jake_Nicolas68@hotmail.com', '3AWOG4L4UVZ9ISY0'),
(158, 'Oscar', 'Welch', '1980-02-11', 'Oscar_Welch57@gmail.com', 'FTPSEYRQDNGMCR9F'),
(159, 'Roma', 'Hegmann', '1988-08-03', 'Roma.Hegmann@hotmail.com', 'ZHCQDVG1FVAGJY9Q'),
(160, 'Stephanie', 'Hessel', '1994-01-03', 'Stephanie.Hessel27@yahoo.com', 'MMGXGXZDGKHPGUUS'),
(161, 'Maya', 'Terry', '1975-05-25', 'Maya_Terry@gmail.com', 'FGZDZAJ07U3NFP5P'),
(162, 'Jessie', 'Kovacek', '1976-06-22', 'Jessie_Kovacek@gmail.com', 'JTTP4SVRIQJRHP48'),
(163, 'Carmela', 'D\'Amore', '1977-10-09', 'Carmela.DAmore17@gmail.com', 'BWQ82WHX0VYGMMHC'),
(164, 'Myrtice', 'Berge', '1991-12-08', 'Myrtice.Berge@yahoo.com', 'QAAZ0EFRSZPITQS6'),
(165, 'Minerva', 'Considine', '1977-04-01', 'Minerva_Considine@hotmail.com', '95WBVV0H9TCZRBB3'),
(166, 'Karley', 'Toy', '1996-12-02', 'Karley_Toy@yahoo.com', 'SOQTT3E1EUMJAHXS'),
(167, 'Wilhelm', 'Gutkowski', '1996-10-13', 'Wilhelm_Gutkowski@hotmail.com', 'FSI16VZGPVKHBIXV'),
(168, 'Florencio', 'Breitenberg', '1999-05-19', 'Florencio.Breitenberg77@hotmail.com', 'AIMLM1GQIXKZ01DP'),
(169, 'Gennaro', 'Crist', '1991-11-15', 'Gennaro.Crist@gmail.com', 'TPTVKHFQ8BTQ5IJR'),
(170, 'Oscar', 'Goodwin', '1990-08-14', 'Oscar_Goodwin@gmail.com', 'GWEH4OYQ8GZILVLK'),
(171, 'Velda', 'Lueilwitz', '1993-02-17', 'Velda.Lueilwitz76@hotmail.com', 'W1URQCCDURIRYVY3'),
(172, 'Theresia', 'Braun', '1995-10-28', 'Theresia.Braun@hotmail.com', 'E29GRBQQ93LOVDXA'),
(173, 'Ian', 'Roob', '1982-11-28', 'Ian_Roob42@hotmail.com', 'TTLKK1SRA6SBWOCC'),
(174, 'Lysanne', 'Waelchi', '1976-05-19', 'Lysanne_Waelchi@yahoo.com', 'JQLPP6BPM6HMFVOK'),
(175, 'Collin', 'Schuster', '1995-06-20', 'Collin.Schuster17@hotmail.com', 'W2KW2GLADNWETZYV'),
(176, 'Dorothy', 'Friesen', '2003-12-08', 'Dorothy.Friesen66@yahoo.com', 'UZTHGLFGLT5BH7EW'),
(177, 'Ladarius', 'Watsica', '1998-12-30', 'Ladarius_Watsica92@hotmail.com', 'NYBZZ1HI1ZBSIDRF'),
(178, 'Marlee', 'Barton', '2000-07-14', 'Marlee.Barton0@hotmail.com', 'TU1SM4LRJYRVOYNV'),
(179, 'Deondre', 'Wiza', '1983-10-26', 'Deondre_Wiza@gmail.com', 'NU0WKJUUTWW5MAEI'),
(180, 'Eleazar', 'Lebsack', '1996-05-05', 'Eleazar.Lebsack77@hotmail.com', 'VYZ3Y77IW7YJVEWN'),
(181, 'Eldon', 'Gleichner', '2004-03-02', 'Eldon.Gleichner1@hotmail.com', 'E7UQ3YIYETIK8YLT'),
(182, 'Daryl', 'Parker', '1983-11-07', 'Daryl.Parker@hotmail.com', '2ZQS0EIGMDRRYBKA'),
(183, 'Caesar', 'Kozey', '2002-08-23', 'Caesar.Kozey36@hotmail.com', 'DAV7KCB1WGQQTNWH'),
(184, 'Kiara', 'Stamm', '2004-10-01', 'Kiara.Stamm@gmail.com', 'MHV0J2490RXPXPYU'),
(185, 'Beau', 'Runolfsson', '1980-08-13', 'Beau_Runolfsson@yahoo.com', 'VH6YCS4NFAQB9CEC'),
(186, 'Landen', 'Bode', '1993-08-13', 'Landen.Bode16@hotmail.com', '5TDFEAQP9SEHMI7E'),
(187, 'Davin', 'Crist', '1996-02-13', 'Davin_Crist@hotmail.com', 'PGLPIYGDQ0G53CVZ'),
(188, 'Elaina', 'Breitenberg', '2004-05-09', 'Elaina_Breitenberg8@hotmail.com', 'P4C1XCKX2VTILPR2'),
(189, 'Arno', 'Lehner', '1985-07-05', 'Arno_Lehner@gmail.com', 'VKKOLJI0KYFCYTMD'),
(190, 'Daniela', 'Terry-Tremblay', '1978-03-26', 'Daniela.Terry-Tremblay@hotmail.com', 'DNONHWRGYUNQKEHB'),
(191, 'Margaret', 'Donnelly', '1978-09-08', 'Margaret_Donnelly@hotmail.com', 'W7ZIHD993SKSVRZC'),
(192, 'Anahi', 'Cremin', '1995-06-22', 'Anahi.Cremin@hotmail.com', 'E0LKSI1TPBSHSIOJ'),
(193, 'Janick', 'Orn', '1994-01-30', 'Janick.Orn81@yahoo.com', '0YSEE5VBV66PE5H4'),
(194, 'Deshaun', 'Russel', '2003-01-28', 'Deshaun.Russel27@gmail.com', '7XN4SDKJAPVNPHPD'),
(195, 'Lucy', 'Fahey', '1978-01-31', 'Lucy.Fahey34@hotmail.com', '5ELDECDHPTUIV2VU'),
(196, 'Diego', 'Mitchell-Dibbert', '2001-09-30', 'Diego.Mitchell-Dibbert80@yahoo.com', 'Y2FWTZ7T9DEQF42Q'),
(197, 'Chad', 'Williamson', '1994-12-13', 'Chad_Williamson82@gmail.com', 'PXTA1A0BW1XA2YWM'),
(198, 'Arnaldo', 'Schimmel', '1994-05-12', 'Arnaldo_Schimmel93@yahoo.com', 'PEYBOBL9ROEJ8I7D'),
(199, 'Sherman', 'Keeling', '2004-02-13', 'Sherman.Keeling53@hotmail.com', 'RFZAWW6IL8SLNBFZ'),
(200, 'Tod', 'Feeney', '1982-01-10', 'Tod.Feeney@yahoo.com', 'MVMXISEMIZJVL5TO'),
(201, 'Alek', 'Dibbert', '1981-03-21', 'Alek.Dibbert83@yahoo.com', 'SYJMUBNCQZ7VXZFS'),
(202, 'Makenna', 'Sipes', '1963-09-05', 'Makenna.Sipes47@hotmail.com', '4CKHNBUDDTCEEFLJ'),
(203, 'Addison', 'Hilll', '1980-09-02', 'Addison.Hilll@gmail.com', 'GUJXA5PHAZY6205D'),
(204, 'Jayde', 'Quigley', '1989-12-29', 'Jayde.Quigley@hotmail.com', 'QONR4ZUFN1GHF85P'),
(205, 'Eino', 'Howell', '1987-05-28', 'Eino.Howell24@yahoo.com', 'SFPCH9YTZG5QSHL6'),
(206, 'Erling', 'Grimes', '1924-05-05', 'Erling.Grimes@hotmail.com', 'PWPOJIYMXPSVCYJF'),
(207, 'Ana', 'Lang', '1961-05-13', 'Ana.Lang37@gmail.com', 'SLET82KAENY9W6TK'),
(208, 'Darryl', 'Konopelski', '1959-02-03', 'Darryl.Konopelski@hotmail.com', 'NLOQECQMC2LZWWQR'),
(209, 'Magali', 'Ortiz', '1921-05-28', 'Magali.Ortiz9@yahoo.com', 'QKOSNOOGGYTX68V4'),
(210, 'Katarina', 'McDermott', '1938-03-22', 'Katarina.McDermott40@hotmail.com', '7HFUYTBKOOYMH07Q'),
(211, 'Vidal', 'Hills', '1920-07-30', 'Vidal.Hills49@gmail.com', 'VXRJXS2N3YASVFYV'),
(212, 'Erika', 'Wyman', '1995-07-08', 'Erika.Wyman@yahoo.com', 'Q7JOF5ONBJYH6SUE'),
(213, 'Samson', 'Lueilwitz', '1969-09-07', 'Samson_Lueilwitz58@hotmail.com', 'GUD0XT5SYU4M42IP'),
(214, 'Rey', 'Stark', '1963-08-21', 'Rey.Stark63@hotmail.com', '16EEG7TJZLOARPUE'),
(215, 'Rigoberto', 'Bradtke', '1929-06-10', 'Rigoberto_Bradtke@gmail.com', 'KJQ891646SNX26OZ'),
(216, 'Gustave', 'Lynch', '1918-11-15', 'Gustave_Lynch@hotmail.com', 'FJF6FARTGXZ6IYFN'),
(217, 'Shirley', 'Roberts', '1957-08-04', 'Shirley_Roberts93@gmail.com', 'A55G3O3DYERHVOKJ'),
(218, 'August', 'Osinski', '1961-08-02', 'August.Osinski30@gmail.com', 'J1FWGJCPFKJUVAD8'),
(219, 'Casandra', 'Feil', '1964-09-20', 'Casandra.Feil@yahoo.com', '18GV5XD6P471IHSI'),
(220, 'Dudley', 'Conroy', '1949-05-11', 'Dudley_Conroy@gmail.com', 'SXTNVG9YWEJIUMWF'),
(221, 'Mattie', 'Haley', '1920-08-28', 'Mattie.Haley43@gmail.com', 'VPGO9DU9HCZIGCMX'),
(222, 'Beaulah', 'Thompson', '2002-12-25', 'Beaulah_Thompson49@gmail.com', 'LLOP694WDUA2XHLD'),
(223, 'Abbey', 'Braun-Muller', '1963-09-20', 'Abbey.Braun-Muller79@hotmail.com', 'UQYSXT1GCIWCLSNO'),
(224, 'Helen', 'Quigley', '1927-01-14', 'Helen.Quigley27@yahoo.com', 'MKMQZJ09UNJ3CQOC'),
(225, 'Yasmine', 'Durgan', '1993-07-25', 'Yasmine.Durgan@hotmail.com', 'SGZOCXL5QS2YRVN3'),
(226, 'Josie', 'Bednar', '1987-04-24', 'Josie_Bednar@yahoo.com', 'UQJCZFCDWCO1TAVK'),
(227, 'Bernard', 'Kshlerin', '2002-10-17', 'Bernard.Kshlerin10@hotmail.com', 'GG7MT76HGSKRBKEG'),
(228, 'Cleveland', 'Walter', '1927-09-06', 'Cleveland_Walter56@yahoo.com', 'PJFTC9WT45OPTTLT'),
(229, 'Clifton', 'Gottlieb', '1917-12-10', 'Clifton_Gottlieb54@hotmail.com', '5OIP8KK8EUVATISN'),
(230, 'Xander', 'Kihn', '1958-03-29', 'Xander_Kihn@hotmail.com', 'QIACZEIZ1DMDSGVJ'),
(231, 'Evelyn', 'O\'Keefe', '1936-04-16', 'Evelyn.OKeefe@yahoo.com', 'I6R4XQ4ES17FIQGY'),
(232, 'Brown', 'Hoppe', '1926-09-24', 'Brown_Hoppe94@hotmail.com', 'OSFRRLDMOEUGOUQG'),
(233, 'Juanita', 'Lakin', '1954-01-03', 'Juanita.Lakin@gmail.com', 'WB9AXRABG2TITNSN'),
(234, 'Luella', 'Bergstrom', '1920-06-18', 'Luella.Bergstrom@gmail.com', 'E56MTHDGOR5NJCZB'),
(235, 'Cordelia', 'West', '1922-03-20', 'Cordelia.West40@hotmail.com', 'VTFLF2J2NRNCIBE1'),
(236, 'Ana', 'Feil', '1941-12-13', 'Ana.Feil28@hotmail.com', 'DSWSAJBCOPD3RLLG'),
(237, 'Ambrose', 'Nienow', '1970-02-13', 'Ambrose_Nienow@gmail.com', 'GQCRIGDNZK1MGGWU'),
(238, 'Maxie', 'Lang', '1995-08-05', 'Maxie.Lang9@gmail.com', 'W72KAECAJHFWFFNO'),
(239, 'Lysanne', 'O\'Hara', '1974-02-26', 'Lysanne_OHara@hotmail.com', 'QZQNG2OZVKEIWHGC'),
(240, 'Dasia', 'Wyman', '1991-01-08', 'Dasia_Wyman27@hotmail.com', '4XWROVAQWG4VBSWR'),
(241, 'Sonia', 'Thompson', '1951-10-07', 'Sonia_Thompson@gmail.com', 'LXBFAGWYYRHP9HUE'),
(242, 'Elissa', 'Bahringer', '1939-08-21', 'Elissa_Bahringer57@gmail.com', 'GYKWVUBGZFBZMDD1'),
(243, 'Orlando', 'Bode-Sporer', '2003-09-10', 'Orlando.Bode-Sporer49@hotmail.com', 'AG2ERCXWDLSXCCIY'),
(244, 'Hershel', 'Moore', '1961-09-26', 'Hershel.Moore23@hotmail.com', 'QJWWWVSAXGJRQCB1'),
(245, 'Gabrielle', 'Ebert-O\'Reilly', '1999-10-10', 'Gabrielle_Ebert-OReilly50@gmail.com', 'CCRCODGEXDIEOCI7'),
(246, 'Madilyn', 'Kovacek-McGlynn', '1980-12-07', 'Madilyn.Kovacek-McGlynn97@gmail.com', 'IYNXD264K9VTO8TN'),
(247, 'Nicholaus', 'Hickle', '1965-09-05', 'Nicholaus.Hickle59@hotmail.com', 'XQAL3ZC75CX5ZLZC'),
(248, 'Merle', 'Gorczany', '1945-08-10', 'Merle_Gorczany@hotmail.com', '9W2CX2REMQC0VEWH'),
(249, 'Arely', 'Rice', '1994-07-28', 'Arely.Rice@yahoo.com', '1QX6WGQCVLCSCIHP'),
(250, 'Priscilla', 'Beatty', '1982-09-25', 'Priscilla_Beatty@hotmail.com', '8NHORAEKTD17MV0A'),
(251, 'Lucio', 'Wilderman', '1951-03-27', 'Lucio_Wilderman@yahoo.com', 'DEPIJ9WQHRMTMHRS'),
(252, 'Jarod', 'Beahan', '1957-08-07', 'Jarod_Beahan63@gmail.com', '9MU5EUZJ18LXG8SV'),
(253, 'Cale', 'Kovacek', '1918-06-06', 'Cale.Kovacek67@gmail.com', 'OA4RDHEODBJIPZ7X'),
(254, 'Tatyana', 'Witting', '1960-09-21', 'Tatyana.Witting12@gmail.com', 'HVAZLLWL6WDVOIUD'),
(255, 'Nicolas', 'Tillman', '1978-01-30', 'Nicolas_Tillman42@gmail.com', 'BPVRA5L5ACS7QNEZ'),
(256, 'Jake', 'Veum', '1982-10-26', 'Jake.Veum33@gmail.com', 'CNGZEBLDMC300PMC'),
(257, 'Leland', 'Halvorson', '1917-11-22', 'Leland.Halvorson52@gmail.com', 'FPWVVFKXYB3CWKON'),
(258, 'Vincenza', 'Wolf', '1971-11-21', 'Vincenza.Wolf@hotmail.com', 'O8RFW3ZKFWUDPBU1'),
(259, 'Angie', 'Russel', '1924-10-26', 'Angie_Russel@yahoo.com', 'EUCN2PD9BNFOFPVJ'),
(260, 'Rene', 'Konopelski', '1976-11-22', 'Rene.Konopelski@yahoo.com', 'MQHYROFK0LTMYI9J'),
(261, 'Columbus', 'Donnelly', '1941-08-15', 'Columbus_Donnelly@gmail.com', 'XBIHG5OIGGIUSFMX'),
(262, 'Eula', 'Cronin', '2002-07-19', 'Eula_Cronin@gmail.com', 'JZXWBSDG1AVNQ1CE'),
(263, 'Aron', 'Bayer', '1921-11-07', 'Aron_Bayer71@yahoo.com', 'SWPON4M2ESKB3SPL'),
(264, 'Rosemarie', 'Torphy', '1925-06-03', 'Rosemarie.Torphy40@hotmail.com', '4KWDRBGCXRBPRTEY'),
(265, 'Gilbert', 'Rohan', '1948-10-03', 'Gilbert.Rohan15@gmail.com', '0MJGSFSDREVAL7SU'),
(266, 'Buddy', 'Cormier-Medhurst', '1965-06-22', 'Buddy_Cormier-Medhurst@gmail.com', 'K8DXVMY7UYDTKSLW'),
(267, 'Rahsaan', 'Kunze-Kessler', '1920-04-27', 'Rahsaan_Kunze-Kessler@hotmail.com', 'EEPKNGFV1EXQC06A'),
(268, 'Olaf', 'Macejkovic', '1968-05-05', 'Olaf.Macejkovic21@yahoo.com', 'GAVUVPUTRPPQPTDY'),
(269, 'Brown', 'Bogisich', '1974-05-06', 'Brown.Bogisich@hotmail.com', 'XKQZJYCGS8NYRMHI'),
(270, 'Urban', 'Schoen', '1968-07-01', 'Urban.Schoen29@gmail.com', '45W8IKSEVT9JWNOT'),
(271, 'Otha', 'Metz', '1959-04-26', 'Otha.Metz@gmail.com', '8Z374NYYR0DBBWKN'),
(272, 'Verna', 'Lesch-Morissette', '1966-02-15', 'Verna_Lesch-Morissette69@hotmail.com', 'UEDZ1CES9RIKOX8J'),
(273, 'Laurine', 'Greenholt', '1971-12-03', 'Laurine.Greenholt@gmail.com', 'EAVIGYKNPZLLJF84'),
(274, 'Kristy', 'Rice', '1961-12-18', 'Kristy.Rice30@hotmail.com', 'YAOMMYOJ2EBCDHVY'),
(275, 'Mireya', 'Windler', '1981-11-20', 'Mireya.Windler48@hotmail.com', 'TKDXTUGKRFUGR6GC'),
(276, 'Adrienne', 'Schumm', '1956-11-23', 'Adrienne_Schumm@hotmail.com', 'BOT6GCNHRESRB5QT'),
(277, 'Danika', 'Schiller', '2004-10-17', 'Danika.Schiller38@hotmail.com', '2CDHZRSDENOMQMFW'),
(278, 'Rickey', 'Zboncak', '1926-08-23', 'Rickey_Zboncak2@hotmail.com', 'Z4J92LILL1YQHQD8'),
(279, 'Durward', 'Volkman', '1988-10-06', 'Durward_Volkman@yahoo.com', 'IATTMZPRLMR3VOVA'),
(280, 'Winston', 'O\'Keefe', '1984-12-13', 'Winston_OKeefe@yahoo.com', 'K0ZNUUTDZRK56633'),
(281, 'Estelle', 'Vandervort', '1974-11-03', 'Estelle.Vandervort99@gmail.com', 'ZINKEFIIKCYZSQL7'),
(282, 'Samara', 'Kshlerin', '1940-09-28', 'Samara.Kshlerin79@hotmail.com', 'DPAFMOFKXZFFQVCR'),
(283, 'Paige', 'Runte', '1994-11-27', 'Paige.Runte@yahoo.com', 'TTQ70XVJQR6VQX45'),
(284, 'Veda', 'Turcotte', '1921-11-29', 'Veda.Turcotte@yahoo.com', 'LSZCMQVT0VAHASRC'),
(285, 'Pearlie', 'Williamson', '1938-07-05', 'Pearlie.Williamson77@gmail.com', 'KU32D9XD5MCTBK8W'),
(286, 'Casimir', 'Langworth', '1957-08-13', 'Casimir.Langworth@hotmail.com', 'WEX3JEOHXTZOJLLP'),
(287, 'Hobart', 'Lebsack', '1939-11-13', 'Hobart.Lebsack@yahoo.com', 'FBHUXUYYYKAAHPQT'),
(288, 'Terence', 'Schroeder', '1995-05-26', 'Terence_Schroeder15@gmail.com', 'UQOHPKK5RGYKTU91'),
(289, 'Fred', 'Brakus-Schuppe', '1953-07-13', 'Fred.Brakus-Schuppe@gmail.com', 'PRRABSONFTERM8AA'),
(290, 'Camden', 'Howell', '1981-11-07', 'Camden.Howell@hotmail.com', 'WFIWUWILOUVV8QAF'),
(291, 'Marvin', 'Bradtke', '1933-08-29', 'Marvin_Bradtke91@gmail.com', '8LSNWCGXERDVTU35'),
(292, 'Sean', 'Lesch', '1917-05-30', 'Sean.Lesch96@yahoo.com', 'IGXSOCD3M8R6NRXU'),
(293, 'Eduardo', 'Dicki', '1961-04-28', 'Eduardo_Dicki@hotmail.com', 'DZWC13CULWXU6DUQ'),
(294, 'Eryn', 'O\'Reilly', '1941-09-14', 'Eryn.OReilly@gmail.com', 'UJ0GTFOB3QQ5BDOI'),
(295, 'Reina', 'Ritchie', '2001-09-25', 'Reina_Ritchie@yahoo.com', '3PXTIWMYXXZEJKVG'),
(296, 'Jamie', 'Beer', '1962-06-03', 'Jamie.Beer@gmail.com', 'VXX6QOTEXHDOEPFX'),
(297, 'Lane', 'Hessel', '1949-08-19', 'Lane.Hessel63@yahoo.com', 'HYLEY1HEX3CYYDIM'),
(298, 'Ashtyn', 'Kub', '1987-12-08', 'Ashtyn_Kub@gmail.com', 'VQLRICISFJLPDAPH'),
(299, 'Alene', 'O\'Kon', '1942-01-22', 'Alene.OKon47@yahoo.com', 'QWJTIEN7CPLBIY2D'),
(300, 'Halle', 'Rohan-Bartell', '1995-11-11', 'Halle.Rohan-Bartell@gmail.com', 'CNIGX47NTDGM6UFS'),
(301, 'Daphney', 'Dickinson', '1965-01-17', 'Daphney.Dickinson56@yahoo.com', 'GOF22F1KOQNVMK4N'),
(302, 'Serenity', 'Zulauf-Rowe', '1917-07-09', 'Serenity.Zulauf-Rowe55@gmail.com', 'AQZJKWXOHJURESYA'),
(303, 'Friedrich', 'Bins', '1996-04-10', 'Friedrich_Bins@gmail.com', '7BGBOPO1UBVQWAE9'),
(304, 'Gregorio', 'Armstrong', '1935-12-23', 'Gregorio.Armstrong92@gmail.com', 'XKSHRCZZQ3KP70FT'),
(305, 'Elroy', 'Harvey', '1988-06-14', 'Elroy_Harvey6@hotmail.com', 'ATXLHPWY1ZA578J0'),
(306, 'Mikel', 'Murphy', '1948-10-27', 'Mikel_Murphy@yahoo.com', '1C6GWYIEZE3OMYZK'),
(307, 'Margaret', 'Christiansen', '1927-05-01', 'Margaret.Christiansen@hotmail.com', 'CRZHOLPSR0OMNV96'),
(308, 'Bernardo', 'Stark', '1918-04-16', 'Bernardo_Stark46@gmail.com', '6VM32HDWDA5WHRUV'),
(309, 'Kennedy', 'Cassin', '1972-11-16', 'Kennedy_Cassin@gmail.com', 'VF7PRILV9Z2NH3BJ'),
(310, 'Ayla', 'Johnson', '1919-11-19', 'Ayla_Johnson@hotmail.com', 'OF8CF0BQKPFSLBPT'),
(311, 'Ona', 'Conroy', '1917-06-17', 'Ona.Conroy@hotmail.com', 'RWRMYCITHCOG2NIS'),
(312, 'Brandyn', 'Ratke', '1982-10-25', 'Brandyn.Ratke@gmail.com', 'SKEIH1VKMTC2YTFA'),
(313, 'Era', 'Trantow', '1938-10-06', 'Era_Trantow@yahoo.com', 'DW43QDQVLG1HCFF9'),
(314, 'Kiarra', 'Barrows', '1989-03-16', 'Kiarra_Barrows28@gmail.com', 'ONOGUSTGQO4RGMZY'),
(315, 'Richard', 'Jenkins', '1963-05-18', 'Richard_Jenkins@hotmail.com', 'WLGKRCRIYEQOYOAS'),
(316, 'Emilie', 'Hilpert', '1938-10-02', 'Emilie_Hilpert@gmail.com', 'JA3IIEPUGADWEC8M'),
(317, 'Anthony', 'Fay', '1938-12-09', 'Anthony_Fay22@yahoo.com', 'PWUELHVBAVE7MTTC'),
(318, 'Kurtis', 'Yundt', '1985-09-13', 'Kurtis.Yundt@hotmail.com', 'WYNWFS1LUNTMFY6Q'),
(319, 'Jamel', 'Mosciski', '1958-11-19', 'Jamel_Mosciski79@gmail.com', 'BOF3QJOMPLMDWHQM'),
(320, 'Johnathon', 'Champlin', '1929-02-06', 'Johnathon.Champlin@gmail.com', '9N8ALVVHHCCHC6U6'),
(321, 'Misty', 'Grady', '1944-09-03', 'Misty_Grady@yahoo.com', 'I8UTNROVCSCMQHNG'),
(322, 'Gussie', 'Heller', '1956-01-06', 'Gussie_Heller@yahoo.com', 'SP9ZSNIFEXJDUWQM'),
(323, 'Isadore', 'McDermott', '1964-02-15', 'Isadore_McDermott32@hotmail.com', 'LXVOP0DLC3FBZ4GF'),
(324, 'Kylie', 'Johnston', '1922-11-09', 'Kylie.Johnston36@hotmail.com', 'QFPFYRCNM3GLVN6F'),
(325, 'Mckenna', 'Stanton', '1973-09-08', 'Mckenna_Stanton@gmail.com', 'BBZ96J1HXY95NXJQ'),
(326, 'Elena', 'Hirthe', '1957-02-25', 'Elena.Hirthe@hotmail.com', 'GEJGS7SNLWWLVVGH'),
(327, 'Jamel', 'Hartmann', '1998-07-02', 'Jamel.Hartmann@hotmail.com', 'BCX3A85D9NFCG3JS'),
(328, 'Clint', 'Schamberger', '1988-03-27', 'Clint.Schamberger@yahoo.com', 'MVWQLLGDTUAJQW3J'),
(329, 'Leonor', 'Macejkovic', '1969-06-10', 'Leonor_Macejkovic95@hotmail.com', '6PMNBRYHSE9SJ6XD'),
(330, 'Travis', 'Brown', '1965-06-30', 'Travis_Brown@hotmail.com', '43JP6JK6MYONOU7E'),
(331, 'Tianna', 'Kuhlman', '1973-07-06', 'Tianna_Kuhlman33@yahoo.com', 'YANCIBU2NOVUAKUD'),
(332, 'Wilfredo', 'Ankunding', '2004-08-20', 'Wilfredo_Ankunding12@gmail.com', '6YRKNWXAVO4KY1SV'),
(333, 'Caroline', 'Schoen', '1927-03-31', 'Caroline_Schoen72@yahoo.com', 'TD1LXMNTYDD5T9PF'),
(334, 'Geoffrey', 'Kreiger', '1964-06-12', 'Geoffrey.Kreiger92@hotmail.com', 'RZQSVKJ2BZBSQ0UX'),
(335, 'Marco', 'Stoltenberg', '1948-02-10', 'Marco.Stoltenberg53@hotmail.com', 'THSYQRDZZBP12SYW'),
(336, 'Mia', 'Wintheiser-Howell', '1997-11-12', 'Mia.Wintheiser-Howell48@hotmail.com', 'ATWT7NIQPFK0IQLX'),
(337, 'Casimir', 'Ortiz', '1932-10-26', 'Casimir.Ortiz@yahoo.com', 'Q4FRRZOTSNHX84BG'),
(338, 'Saul', 'Reynolds', '1992-12-13', 'Saul.Reynolds13@gmail.com', 'KWAZFVHHLBBDZUX3'),
(339, 'Elizabeth', 'Hills', '1988-04-08', 'Elizabeth_Hills21@hotmail.com', 'TW7H3W7TIN8BM42U'),
(340, 'Austen', 'Kub', '1999-09-24', 'Austen.Kub11@hotmail.com', 'WRHXZ6JSEUBCDI1F'),
(341, 'Emelie', 'Anderson', '1986-12-18', 'Emelie_Anderson93@gmail.com', '6LA0RHKBEL88T6K5'),
(342, 'Emma', 'McCullough-Kiehn', '1988-09-16', 'Emma_McCullough-Kiehn@gmail.com', 'EB394WWBJQ7NVMGI'),
(343, 'Richie', 'Langworth', '1961-11-09', 'Richie_Langworth@hotmail.com', 'UVLGCJMWLCVO7I8J'),
(344, 'Keara', 'Bruen', '1979-01-12', 'Keara.Bruen58@hotmail.com', '3U2NCHQX4LHIAPAO'),
(345, 'Shirley', 'Cartwright', '1972-08-11', 'Shirley.Cartwright23@hotmail.com', 'VEHFB8C8OLW6RIHL'),
(346, 'Clementine', 'Kuvalis', '1973-06-28', 'Clementine_Kuvalis9@hotmail.com', '7EZ3WW5Y2YYNJPVS'),
(347, 'Gia', 'Murazik', '1997-08-14', 'Gia.Murazik54@gmail.com', 'GWCWYUTHAKNSSKQX'),
(348, 'Haylee', 'Grant', '1973-08-15', 'Haylee.Grant@gmail.com', 'DKQCVXFNIVURFZLQ'),
(349, 'Sid', 'Kertzmann', '1955-07-24', 'Sid_Kertzmann@gmail.com', 'X0CQIAWKJNOLRTPN'),
(350, 'Dariana', 'Schmeler', '1951-10-24', 'Dariana_Schmeler@hotmail.com', 'D7WSEHJW31TSMSBL'),
(351, 'Malinda', 'Ankunding', '1927-10-11', 'Malinda_Ankunding94@yahoo.com', '0PUUXM0YKWIN5FR5'),
(352, 'Phoebe', 'Quigley', '1983-03-13', 'Phoebe.Quigley26@yahoo.com', 'KKT6WIYMWCEWVKD6'),
(353, 'Matilde', 'Johns-Parisian', '1982-08-19', 'Matilde.Johns-Parisian@hotmail.com', '2CGX8KSZM170EBNG'),
(354, 'Ernestina', 'Rohan', '1996-01-23', 'Ernestina_Rohan@hotmail.com', '1RNTOKRUM3YPTZVD'),
(355, 'Keely', 'Hahn', '1946-05-10', 'Keely_Hahn30@hotmail.com', 'BR5OIKYR4ADQCA2O'),
(356, 'Mariana', 'Kuhn', '1986-01-23', 'Mariana.Kuhn30@yahoo.com', 'KH9CSOEMNCG1QKNA'),
(357, 'Gerhard', 'Buckridge', '1965-12-03', 'Gerhard_Buckridge@yahoo.com', 'UPQV9GPCDI46KVPT'),
(358, 'Fae', 'Nolan', '2004-04-23', 'Fae_Nolan99@yahoo.com', 'OXLYQZ7WBEAMCLQ6'),
(359, 'Hillard', 'Schowalter', '1939-10-03', 'Hillard_Schowalter49@yahoo.com', 'LTTTHL2N8FSMZRLQ'),
(360, 'Jamison', 'Zboncak', '1981-08-25', 'Jamison_Zboncak@yahoo.com', 'CZZW1LIZYQEMA6TX'),
(361, 'Florian', 'Kilback', '1923-07-17', 'Florian.Kilback27@gmail.com', '7OV0VPCLCFGN1NKD'),
(362, 'Hope', 'Kihn', '1931-06-23', 'Hope.Kihn51@hotmail.com', 'KVZYT5RXBTZFZYKJ'),
(363, 'Sheila', 'Schneider', '1964-12-09', 'Sheila.Schneider@yahoo.com', 'EHDWKUU9M8GC1OGH'),
(364, 'Caesar', 'Reynolds', '1957-04-11', 'Caesar.Reynolds83@gmail.com', '2E3SNRTERPIGMIIW'),
(365, 'Aurelie', 'Zieme', '1952-10-06', 'Aurelie_Zieme@hotmail.com', '4YOCDK2XST1PKCYL'),
(366, 'Logan', 'Rogahn', '1987-12-26', 'Logan_Rogahn@hotmail.com', 'GVW63SY8QKKKUXRE'),
(367, 'Rossie', 'Jaskolski', '1917-03-07', 'Rossie_Jaskolski@yahoo.com', 'AHBNQFCBSJHYFJJG'),
(368, 'Vickie', 'Bednar', '1915-03-30', 'Vickie_Bednar@gmail.com', 'KT4ZLNRF0SGLHFEK'),
(369, 'Jairo', 'Leffler', '1985-09-22', 'Jairo_Leffler69@gmail.com', 'AFYYM0N6EMC2ZPUT'),
(370, 'Estefania', 'Waters', '1948-12-06', 'Estefania.Waters@hotmail.com', 'P6DT30ZH9GENQMAY'),
(371, 'Ludie', 'Lind', '1959-05-07', 'Ludie.Lind@hotmail.com', 'Z6AFRCTDGWH6YYKL'),
(372, 'Skyla', 'Renner', '2004-01-10', 'Skyla.Renner39@hotmail.com', '515SHXLHNWNDQMVO'),
(373, 'Mikel', 'Schamberger', '1916-04-24', 'Mikel_Schamberger@hotmail.com', 'TKYWOLRJ0OL6POXI'),
(374, 'Fannie', 'Beer', '1960-09-15', 'Fannie.Beer89@hotmail.com', 'DVSP2CSLBQYBCGUQ'),
(375, 'Jany', 'Brekke-Schroeder', '1998-02-19', 'Jany.Brekke-Schroeder49@hotmail.com', 'U0FPWDNVIFIXGCDG'),
(376, 'Jaydon', 'Simonis', '1974-06-19', 'Jaydon_Simonis@gmail.com', 'XABSDPDB8YLEPVRJ'),
(377, 'Verner', 'Friesen', '1981-09-14', 'Verner.Friesen@hotmail.com', 'HHH37UAOUBQBJJD1'),
(378, 'Abbey', 'Cummings', '1964-03-08', 'Abbey_Cummings60@gmail.com', 'ZKPGVQ7NBNAVJZVV'),
(379, 'Dayna', 'Mitchell', '1971-01-24', 'Dayna_Mitchell91@yahoo.com', '6HOXIFLIL7ENUWZQ'),
(380, 'Niko', 'Reilly', '1937-08-03', 'Niko.Reilly36@yahoo.com', 'SN3LFL8GNDSBHPAY'),
(381, 'Marlee', 'Senger', '1949-01-01', 'Marlee_Senger11@yahoo.com', '4OCZFV6BOFR6IBXE'),
(382, 'Katrina', 'Renner', '1966-04-20', 'Katrina_Renner@yahoo.com', 'AD0KJGBU2KHDMCFQ'),
(383, 'Colby', 'Pouros', '2002-06-17', 'Colby.Pouros49@hotmail.com', 'SSK2EPZJWHYRW14Y'),
(384, 'Rosanna', 'Bogisich', '1972-06-16', 'Rosanna_Bogisich65@gmail.com', 'UDVE181S9QGDG9FA'),
(385, 'Mikayla', 'Schmeler', '1945-06-09', 'Mikayla_Schmeler51@hotmail.com', 'PLSPXFCVERPU9PIU'),
(386, 'Cathy', 'Botsford', '1997-05-05', 'Cathy_Botsford1@gmail.com', 'QYPKR1N7AW1ARJDI'),
(387, 'Ethyl', 'Runolfsdottir', '1989-10-02', 'Ethyl.Runolfsdottir46@yahoo.com', 'MH5CVHBXMYF1CMZ7'),
(388, 'Julia', 'Bayer', '1918-09-23', 'Julia.Bayer@yahoo.com', '7OFWJO8PLQ6NZIIS'),
(389, 'Neal', 'Kiehn', '1984-05-22', 'Neal.Kiehn47@yahoo.com', '5X00HEM4N832I7AM'),
(390, 'Erick', 'Hodkiewicz', '1922-05-25', 'Erick_Hodkiewicz@hotmail.com', 'GNBAML38NMNUKHET'),
(391, 'Tina', 'Rowe', '1946-01-06', 'Tina.Rowe11@yahoo.com', 'G9LA1I2NWNTAZCXQ'),
(392, 'Ralph', 'Langosh', '1989-03-06', 'Ralph_Langosh@hotmail.com', 'L7GOZ3CNUTRFNJCW'),
(393, 'Adam', 'Ondricka', '1935-06-21', 'Adam_Ondricka10@hotmail.com', 'HW3MIMTHGGDWZXUQ'),
(394, 'Jovany', 'Pfeffer', '1959-11-17', 'Jovany_Pfeffer@yahoo.com', 'SAANQMKSIV8KSPHR'),
(395, 'Colten', 'Greenfelder', '1971-06-15', 'Colten.Greenfelder54@yahoo.com', 'UTG1CE0G6OB9U8KU'),
(396, 'Albert', 'Kunde', '1927-07-14', 'Albert_Kunde@hotmail.com', '9ZSCI6PYMK1VCT0X'),
(397, 'Carlee', 'Bailey', '1927-11-09', 'Carlee.Bailey@gmail.com', '0ZP3IADSZNNB5G1Q'),
(398, 'Deion', 'Braun', '1989-05-11', 'Deion_Braun85@gmail.com', 'GDFKSGFE373MM2WS'),
(399, 'Malcolm', 'Dare', '1969-12-06', 'Malcolm_Dare@yahoo.com', 'E2JD7IWI98PHVMN0'),
(400, 'Valentina', 'Reichert', '1920-02-15', 'Valentina.Reichert@hotmail.com', 'AEAXDROQM3XA95OG'),
(401, 'Bill', 'Koelpin', '1935-06-04', 'Bill_Koelpin@hotmail.com', 'FCLHIPLCVYHSW8JX'),
(402, 'Josiah', 'Zemlak', '1967-02-27', 'Josiah.Zemlak14@hotmail.com', 'QF5PUTEKX48OJILD'),
(403, 'Ephraim', 'Tillman', '1965-11-08', 'Ephraim.Tillman78@yahoo.com', 'W7ZIP3LRA0CA8BZY'),
(404, 'Kenneth', 'Lesch', '1949-05-11', 'Kenneth_Lesch@gmail.com', 'LJIA7JLIXMYENBTI'),
(405, 'Meggie', 'Zboncak', '1927-01-06', 'Meggie_Zboncak@yahoo.com', 'KQ0IPTTGIGOELGO8'),
(406, 'Malcolm', 'Terry', '1919-11-03', 'Malcolm_Terry@yahoo.com', 'CDEZ9PBKFYPTPPXD'),
(407, 'Julian', 'Johns', '1919-02-04', 'Julian_Johns@yahoo.com', 'QHHOUFHYM1AIXHSL'),
(408, 'Ransom', 'Upton', '1926-08-11', 'Ransom_Upton49@hotmail.com', 'IPJY3D6T0K4ZHPVN'),
(409, 'Herminia', 'Jakubowski', '1931-08-31', 'Herminia_Jakubowski92@hotmail.com', 'RHC2PZLNVLVEUQHG'),
(410, 'Elody', 'Harvey', '1933-11-26', 'Elody_Harvey29@hotmail.com', 'IWJGBLCIH0C8WBSG'),
(411, 'Alexander', 'Schneider', '1974-08-01', 'Alexander.Schneider26@hotmail.com', 'O1RFMZIA7LTATTQN'),
(412, 'Bernice', 'Corwin', '1947-09-18', 'Bernice.Corwin@yahoo.com', 'M0ASGLWLBINWBJEW'),
(413, 'Aliza', 'Hand-Nikolaus', '1991-12-06', 'Aliza_Hand-Nikolaus82@yahoo.com', 'YRK7KVBTNBEMZKUR'),
(414, 'Vicky', 'Renner', '1967-10-18', 'Vicky_Renner87@gmail.com', 'GHEACFAEFIOMSMSO'),
(415, 'Tamara', 'Welch', '1948-07-13', 'Tamara.Welch@hotmail.com', 'ZXDYLFGRHIK4AQTQ'),
(416, 'Orion', 'Bartell', '1989-05-09', 'Orion_Bartell86@yahoo.com', 'JDHV28UG0X4UMZUH'),
(417, 'Hershel', 'Bergstrom', '1958-10-08', 'Hershel_Bergstrom@hotmail.com', 'FZNGCNXPZUHGVGW6'),
(418, 'Christine', 'McKenzie-Schinner', '1960-03-10', 'Christine.McKenzie-Schinner@gmail.com', 'XI28QHTS2VN9CPVP'),
(419, 'Jana', 'Sawayn', '1930-06-23', 'Jana_Sawayn93@gmail.com', '6VFM9AJZOMIBE2T4'),
(420, 'Rory', 'Torp', '1934-08-17', 'Rory_Torp89@yahoo.com', 'SQJ9Q9DZSOEWY6I9'),
(421, 'Harmony', 'Kassulke', '1935-10-16', 'Harmony.Kassulke@yahoo.com', 'TFVUHPY5OT0GBCOO'),
(422, 'Kendall', 'Mertz', '1960-06-03', 'Kendall_Mertz@hotmail.com', '6KY9RTNFKLUS1XFT'),
(423, 'Cleve', 'Thiel', '1990-04-28', 'Cleve_Thiel@hotmail.com', 'PJGPOASKERPE8BOS'),
(424, 'Francisco', 'Marks', '1965-03-06', 'Francisco.Marks@hotmail.com', 'HTXFQCT1TUV1FZGV'),
(425, 'Arno', 'Yost', '1987-08-25', 'Arno.Yost@yahoo.com', 'RKNAKX4SL4HDX5TA'),
(426, 'Eliza', 'Hane', '1947-11-16', 'Eliza.Hane@gmail.com', 'JAGKUNRYHZ01RF0E'),
(427, 'Bo', 'Klocko', '1960-08-06', 'Bo.Klocko@gmail.com', '34KDIKJGFAPYDP7C'),
(428, 'Duncan', 'Doyle', '1918-03-17', 'Duncan_Doyle1@yahoo.com', '8XH10CMFVNZDUC4B'),
(429, 'Easter', 'Effertz', '1922-03-09', 'Easter.Effertz@hotmail.com', 'VGATVO62UXEDLRBJ'),
(430, 'Kariane', 'Metz', '1966-02-06', 'Kariane.Metz@yahoo.com', 'O0JMLX0PTIS3MOGQ'),
(431, 'Diamond', 'Halvorson', '1980-12-05', 'Diamond_Halvorson30@yahoo.com', 'S4H0RNCCBAWXXXJA'),
(432, 'Fletcher', 'Mante-Robel', '2004-11-05', 'Fletcher.Mante-Robel49@gmail.com', 'WAULZHWADPIE38LB'),
(433, 'Amina', 'Schultz', '1927-11-28', 'Amina.Schultz@gmail.com', '0VHO52FFXIEE2WRH'),
(434, 'Nadia', 'Tillman', '1983-01-19', 'Nadia_Tillman4@hotmail.com', 'JSIFZVNPTO4PNG0O'),
(435, 'Brandyn', 'Bernhard', '1929-04-20', 'Brandyn.Bernhard@gmail.com', 'L1XGVASOJNJXVL9F'),
(436, 'Justine', 'Kohler', '1991-11-03', 'Justine_Kohler50@yahoo.com', 'LGIU5M4JNVHOADF9'),
(437, 'Ansley', 'Ankunding', '1972-04-14', 'Ansley_Ankunding@gmail.com', 'WIUKKK8ALWLVOOYJ'),
(438, 'Cayla', 'Vandervort', '1948-12-22', 'Cayla_Vandervort@yahoo.com', '7QGFFDXLNMNH84Y4'),
(439, 'Kaela', 'Altenwerth', '1972-02-26', 'Kaela.Altenwerth@gmail.com', 'HHXO82E8BYEOQN9W'),
(440, 'Tess', 'Macejkovic', '1932-01-01', 'Tess_Macejkovic76@yahoo.com', 'LRYCLJZ9DY6I0KOM'),
(441, 'Janiya', 'Kemmer', '1920-11-21', 'Janiya.Kemmer44@yahoo.com', 'VYJPVG7GSHHSPEY4'),
(442, 'Jany', 'Schuppe', '1938-12-23', 'Jany.Schuppe@gmail.com', 'J7VKP8T8ELGWAXZA'),
(443, 'Margarett', 'Runte', '1935-07-02', 'Margarett.Runte@hotmail.com', 'VM2NAN1Y431BO2CF'),
(444, 'Oleta', 'O\'Keefe', '1967-05-07', 'Oleta.OKeefe19@hotmail.com', 'IKG52BTVSXRRPHU1'),
(445, 'Norwood', 'Stark', '1941-08-20', 'Norwood_Stark@gmail.com', 'S8FUJKRVPRPGWJYN'),
(446, 'Newell', 'Tremblay', '1990-05-14', 'Newell.Tremblay19@hotmail.com', 'RTRGH4EZQIBTHKPH'),
(447, 'Aida', 'Keeling', '1999-01-28', 'Aida.Keeling@yahoo.com', 'MXWKVHVMNFUIBXZO'),
(448, 'Felipa', 'Beahan', '1959-01-15', 'Felipa_Beahan@yahoo.com', 'D8RW0STSINDHWVL1'),
(449, 'Salvador', 'Reichel', '1950-01-27', 'Salvador_Reichel53@yahoo.com', 'GS8FTVBR1ZG7PENL'),
(450, 'Elouise', 'Rippin', '1933-09-12', 'Elouise_Rippin@yahoo.com', 'BDZXKP12EX14GCRL'),
(451, 'Maximo', 'Mosciski', '1954-05-25', 'Maximo_Mosciski7@yahoo.com', 'YMHQXQN5C5IZNR8G'),
(452, 'Shawn', 'Daniel', '1945-09-18', 'Shawn_Daniel47@gmail.com', 'EUTKYUETDOYGL1S5'),
(453, 'Anya', 'Barton', '1924-06-11', 'Anya.Barton@yahoo.com', 'BM27TDZUDIP49NMO'),
(454, 'Asha', 'Anderson', '1943-11-02', 'Asha_Anderson74@gmail.com', 'JXY38KCRULTJPZVC'),
(455, 'Linnea', 'Rosenbaum', '1934-06-17', 'Linnea_Rosenbaum@yahoo.com', 'BTOLM0UY60SR7G4F'),
(456, 'Dejon', 'Barton', '1996-09-16', 'Dejon_Barton@gmail.com', 'CFSBOFWPQ7YNBZFX'),
(457, 'Edmund', 'Koelpin', '1918-09-25', 'Edmund_Koelpin46@yahoo.com', 'SOFGET9I1FZJREWB'),
(458, 'Lamont', 'Kassulke', '1948-08-16', 'Lamont_Kassulke@hotmail.com', 'HPNKFLBXGDH1OBZV'),
(459, 'Marcellus', 'Marks', '1953-09-03', 'Marcellus.Marks50@yahoo.com', 'HS5RZ3AH40JYURTC'),
(460, 'Royce', 'VonRueden', '1974-03-11', 'Royce_VonRueden@yahoo.com', 'RGSJRDVGBJVWD1UY'),
(461, 'Jonathan', 'Beatty', '1927-04-03', 'Jonathan_Beatty75@hotmail.com', 'FPMASZG7B04434GR'),
(462, 'Dasia', 'Mills', '1965-03-20', 'Dasia_Mills44@yahoo.com', 'AT6ET9XZFDSE8RA3'),
(463, 'Freddie', 'Jast', '1974-07-05', 'Freddie_Jast85@hotmail.com', 'OQWC1GDGI0DMXHZW'),
(464, 'Rita', 'Blanda', '1956-12-18', 'Rita_Blanda19@hotmail.com', 'IWEDOCXUSX7MDZ5C'),
(465, 'Adelia', 'Nolan', '2002-09-18', 'Adelia_Nolan35@gmail.com', '2MNTRQW4CT6LHZ9K'),
(466, 'Linnie', 'Cremin', '1995-10-29', 'Linnie_Cremin18@yahoo.com', 'DJ4EQTYCRZSEM5EY'),
(467, 'Efren', 'Beatty', '1957-08-16', 'Efren_Beatty49@gmail.com', 'QQECB0R4VRPNWCFH'),
(468, 'Amina', 'Harris', '1919-04-30', 'Amina.Harris37@yahoo.com', 'QUL44JD367SYMIKJ'),
(469, 'Grace', 'Schoen', '1945-07-10', 'Grace_Schoen@yahoo.com', '5VUZPKFXCLR5DBJH'),
(470, 'Patience', 'Bernhard', '1935-07-24', 'Patience.Bernhard93@hotmail.com', 'CSIKELFDRIJBPVU1'),
(471, 'Miller', 'Sawayn', '1920-12-27', 'Miller_Sawayn60@yahoo.com', 'ZEJYLKSZYRA7ZPRG'),
(472, 'Morton', 'Von', '1994-10-09', 'Morton_Von63@yahoo.com', 'IO4XONMQXJAMEIK9'),
(473, 'Fermin', 'Bernhard', '1918-11-01', 'Fermin.Bernhard61@hotmail.com', 'JJ1DI7MJO7PDXDTO'),
(474, 'Evie', 'Swift', '1954-08-13', 'Evie.Swift48@gmail.com', 'A9F4T8LILSHMU18D'),
(475, 'Afton', 'Gutmann', '1923-10-18', 'Afton_Gutmann80@gmail.com', 'ZOKOWGSLNE4ZDA4F'),
(476, 'Gordon', 'Carter', '1944-12-13', 'Gordon.Carter@gmail.com', 'VBJQHSTRXOGJWMHD'),
(477, 'Wilton', 'Connelly', '1981-07-10', 'Wilton.Connelly0@gmail.com', 'NZZA7WAWTGAG53IZ'),
(478, 'Adan', 'Crona', '1923-11-20', 'Adan_Crona@hotmail.com', 'D1PSAMKG0XELYCPU'),
(479, 'Green', 'McGlynn', '1952-07-12', 'Green_McGlynn@yahoo.com', 'MTUIQZDIRFY83L3X'),
(480, 'Nya', 'Waters', '1917-10-07', 'Nya.Waters@hotmail.com', 'FLBUJ5LTORDYOTOZ'),
(481, 'Lloyd', 'Collier', '1964-07-08', 'Lloyd.Collier63@yahoo.com', 'IZR3DYQ1EYRJVWZ4'),
(482, 'Isaac', 'Nicolas', '1936-01-06', 'Isaac.Nicolas47@gmail.com', 'X8SVOEXJO9NVLJEO'),
(483, 'Martina', 'Hudson', '1962-08-04', 'Martina.Hudson10@gmail.com', 'GINVMAXMQUNRFMOM'),
(484, 'Kelley', 'Mitchell', '1955-05-14', 'Kelley_Mitchell1@hotmail.com', 'I6DJRRW1N4SDA0OV'),
(485, 'Jon', 'Stark', '1959-02-14', 'Jon.Stark18@hotmail.com', 'YINBOYQFU0BQEAH0'),
(486, 'Jovani', 'Wilderman', '1946-03-23', 'Jovani.Wilderman57@yahoo.com', 'ILTHTZA65I4TWPVD'),
(487, 'Erick', 'Flatley', '1931-05-31', 'Erick.Flatley49@hotmail.com', 'TNY9TVH24DBCTNAR'),
(488, 'Idella', 'Harvey', '1937-01-31', 'Idella.Harvey93@hotmail.com', 'TRYFB5PLGE2MB5WO'),
(489, 'Robb', 'Krajcik', '1977-07-27', 'Robb_Krajcik@hotmail.com', '7FFIVVDPRLW2J3CE'),
(490, 'Hillary', 'Runolfsson', '1997-04-30', 'Hillary.Runolfsson@yahoo.com', 'GU4CFEPGCYZOWD1Q'),
(491, 'Helen', 'Rogahn', '1921-02-11', 'Helen.Rogahn@yahoo.com', 'O2DUICZ5LBAYYIPO'),
(492, 'Tillman', 'Lowe', '1969-09-07', 'Tillman.Lowe44@hotmail.com', 'XRK4HVLWDCGIWPHS'),
(493, 'Elise', 'O\'Keefe', '1928-02-25', 'Elise.OKeefe1@gmail.com', 'EFEYVZT9K4QXW4H2'),
(494, 'Lynn', 'Crist', '1928-12-13', 'Lynn.Crist@gmail.com', '1WV3E27XOTLVV4UQ'),
(495, 'Tevin', 'Konopelski', '1973-10-04', 'Tevin_Konopelski@gmail.com', 'QRT4YDVZNRZY1SHQ'),
(496, 'Niko', 'Lubowitz', '1976-10-14', 'Niko.Lubowitz@yahoo.com', '7YV41PIRMRDJMFKS'),
(497, 'Ashlee', 'Kris-Mayer', '1924-01-21', 'Ashlee_Kris-Mayer@hotmail.com', 'MUIYHTXGB1UZQQ1D'),
(498, 'Ada', 'Mohr', '1930-01-04', 'Ada_Mohr@gmail.com', 'L3SIPB5TFLNW5ZJG'),
(499, 'Melody', 'Little', '1921-06-26', 'Melody_Little@yahoo.com', 'UVFX8CRFCXPMPWUF'),
(500, 'Linda', 'Stracke', '1951-10-22', 'Linda.Stracke@hotmail.com', 'WBNVOGC4M8TYC4XK'),
(3799, 'Mario', 'Verdi', '2009-11-30', 'mario.verdi@informazione.com', 'VRDMRA09H06V355O');

--
-- Indici per le tabelle scaricate
--

--
-- Indici per le tabelle `Abbonamenti`
--
ALTER TABLE `Abbonamenti`
  ADD PRIMARY KEY (`id`),
  ADD KEY `id_utente` (`id_utente`),
  ADD KEY `id_corso` (`id_corso`);

--
-- Indici per le tabelle `Corsi`
--
ALTER TABLE `Corsi`
  ADD PRIMARY KEY (`id`);

--
-- Indici per le tabelle `Ingressi`
--
ALTER TABLE `Ingressi`
  ADD PRIMARY KEY (`id`),
  ADD KEY `fk_ingressi_utenti` (`id_utente`);

--
-- Indici per le tabelle `users`
--
ALTER TABLE `users`
  ADD PRIMARY KEY (`id`),
  ADD UNIQUE KEY `email` (`email`);

--
-- Indici per le tabelle `Utenti`
--
ALTER TABLE `Utenti`
  ADD PRIMARY KEY (`id`),
  ADD UNIQUE KEY `codice_fiscale` (`codice_fiscale`),
  ADD UNIQUE KEY `email` (`email`);

--
-- AUTO_INCREMENT per le tabelle scaricate
--

--
-- AUTO_INCREMENT per la tabella `Abbonamenti`
--
ALTER TABLE `Abbonamenti`
  MODIFY `id` int NOT NULL AUTO_INCREMENT, AUTO_INCREMENT=256;

--
-- AUTO_INCREMENT per la tabella `Corsi`
--
ALTER TABLE `Corsi`
  MODIFY `id` int NOT NULL AUTO_INCREMENT, AUTO_INCREMENT=24;

--
-- AUTO_INCREMENT per la tabella `Ingressi`
--
ALTER TABLE `Ingressi`
  MODIFY `id` int NOT NULL AUTO_INCREMENT, AUTO_INCREMENT=2414728;

--
-- AUTO_INCREMENT per la tabella `users`
--
ALTER TABLE `users`
  MODIFY `id` int NOT NULL AUTO_INCREMENT, AUTO_INCREMENT=2;

--
-- AUTO_INCREMENT per la tabella `Utenti`
--
ALTER TABLE `Utenti`
  MODIFY `id` int NOT NULL AUTO_INCREMENT, AUTO_INCREMENT=3800;

--
-- Limiti per le tabelle scaricate
--

--
-- Limiti per la tabella `Ingressi`
--
ALTER TABLE `Ingressi`
  ADD CONSTRAINT `fk_ingressi_utenti` FOREIGN KEY (`id_utente`) REFERENCES `Utenti` (`id`),
  ADD CONSTRAINT `Ingressi_ibfk_1` FOREIGN KEY (`id_utente`) REFERENCES `Utenti` (`id`) ON DELETE CASCADE;
COMMIT;

/*!40101 SET CHARACTER_SET_CLIENT=@OLD_CHARACTER_SET_CLIENT */;
/*!40101 SET CHARACTER_SET_RESULTS=@OLD_CHARACTER_SET_RESULTS */;
/*!40101 SET COLLATION_CONNECTION=@OLD_COLLATION_CONNECTION */;
